algo,data_name,iter,opt,eta,row_resid,col_resid,cost,time,rel_err,abs_err,rel_conv,grad_norm,cg_iter,cg_time,kkt_err,Delta_p,Delta_d,Delta_c,newton_iter
PINS,Uniform,0,0.002144739808710604,0.0001,2.480917714426016e-18,3.0028103405359835e-17,0.5001658420169115,0.0,232.2058368971135,0.4980211022082009,1.0,,[],[],0.0008648719468752482,2.897230190177476e-17,0.0,0.0008648719468752482,0
PINS,Uniform,1,0.002144739808710604,0.0001,4.495800771403737e-05,4.6027531415812856e-05,0.0021906069970432595,3.242212292000005,0.021385898721314158,4.586718833265568e-05,0.9956202387028077,,"[982, 947, 999, 708, 359, 322, 433, 314, 364, 430, 325, 412]","[0.11010320799999818, 0.10605654100001516, 0.1129084579999926, 0.07998566699998833, 0.04051083400000266, 0.036157040999995615, 0.04855920800000035, 0.03507329199999276, 0.040457833999994364, 0.04814575000000332, 0.03659133400000769, 0.046281874999976935]",5.5622316423845185e-05,4.440918289012974e-05,5.5622316423845185e-05,1.2257936886928466e-06,12
PINS,Uniform,2,0.002144739808710604,0.0001,9.682385077204074e-07,9.536470327807423e-07,0.002146624265191116,3.8833602920000203,0.0008786410700537769,1.8844564805124177e-06,0.02007787426567537,,"[962, 829, 304, 463, 553, 510]","[0.0696072920000006, 0.059663334000020996, 0.021806875000009995, 0.03325158300000908, 0.039910708000007844, 0.03650949999999398]",7.873874156258041e-06,9.3435153915367e-07,7.873874156258041e-06,1.7411773447659808e-07,6
PINS,Uniform,3,0.002144739808710604,0.0001,5.323593831658471e-07,5.247567845993798e-07,0.0021455070390407924,4.228872958000039,0.0003577265303103638,7.672303301885577e-07,0.0005204572446330714,,"[641, 594, 661, 624]","[0.03907354200001123, 0.036361957999986316, 0.040243916999997964, 0.037741250000010496]",7.81952170752677e-06,5.137275630722405e-07,7.81952170752677e-06,1.7318442564888733e-07,4
PINS,Uniform,4,0.002144739808710604,0.0001,6.910075284371004e-08,7.02315274864439e-08,0.0021450434563246934,4.582375875000025,0.00014157783282447853,3.0364761408963395e-07,0.0002160714030125863,,"[531, 630, 875, 982]","[0.029737249999982396, 0.03538920900001585, 0.04850208299998826, 0.05411449999999718]",7.816108606664544e-06,6.776215566770864e-08,7.816108606664544e-06,1.730189762113958e-07,4
PINS,Uniform,5,0.002144739808710604,0.0001,1.6824765845782784e-07,1.6819856037547915e-07,0.002144922902561636,5.01812025000001,8.536879405546285e-05,1.8309385103236833e-07,5.6201081941632e-05,,"[529, 731, 956, 1012, 1033]","[0.027512709000006907, 0.03796683299998449, 0.049562292000018715, 0.05217799999999784, 0.05366595899999993]",7.806681427657998e-06,1.6235923007150927e-07,7.806681427657998e-06,1.7297038776214068e-07,5
PINS,Uniform,6,0.002144739808710604,0.0001,1.0470319681747895e-07,1.0467232767620774e-07,0.002144862214053405,5.449622708000021,5.70723508298113e-05,1.2240534280139395e-07,2.8294027798619418e-05,,"[541, 562, 1047, 1078, 1088]","[0.027154542000005222, 0.02792908300000363, 0.05150654199999849, 0.05314979100000983, 0.05410045899998295]",7.79873187694251e-06,1.0103873407291789e-07,7.79873187694251e-06,1.7294868978215888e-07,5
PINS,Uniform,7,0.002144739808710604,0.0001,1.3126609064225579e-07,1.3122749644359585e-07,0.0021448457384323594,5.8953583330000185,4.9390476795989375e-05,1.0592972175555576e-07,7.681435636232418e-06,,"[613, 696, 1172, 1175, 1222]","[0.02932545900000605, 0.032911083000016106, 0.054989791000025434, 0.05615437500000553, 0.05806933299999173]",7.795443059372116e-06,1.2667196445123559e-07,7.795443059372116e-06,1.7293645101230305e-07,5
PINS,Uniform,8,0.002144739808710604,0.0001,1.1113165054863717e-07,1.1109992304812498e-07,0.0021448246080622495,6.343886208000015,3.953829331709986e-05,8.479935164566049e-08,9.85169689888243e-06,,"[664, 735, 1232, 1264, 1275]","[0.030165874999994458, 0.033765458000004855, 0.05708812499997862, 0.057790915999987647, 0.05827987499998244]",7.795307846318882e-06,1.0724220108047082e-07,7.795307846318882e-06,1.729291899335341e-07,5
PINS,Uniform,9,0.002144739808710604,0.0001,1.1300125178984783e-07,1.1296811015754596e-07,0.0021448148577240264,6.787567916,3.4992129636353315e-05,7.504901342264905e-08,4.545983940300099e-06,,"[662, 766, 1215, 1269, 1305]","[0.02978233400000363, 0.034168125000007876, 0.05388933300000076, 0.055615708000004815, 0.05771904200000222]",7.793684088671865e-06,1.0904636894138513e-07,7.793684088671865e-06,1.729254261393349e-07,5
PINS,Uniform,10,0.002144739808710604,0.0001,1.0467426463764722e-07,1.046436028199451e-07,0.0021448048314589947,7.222299749000001,3.0317313142979027e-05,6.502274839089231e-08,4.6746529173133985e-06,,"[583, 650, 1322, 1370, 1282]","[0.025022083000010298, 0.02805154200001425, 0.05722933300000932, 0.0588690000000156, 0.05518837500000018]",7.791328148534128e-06,1.0101081447816793e-07,7.791328148534128e-06,1.7292326763439415e-07,5
PINS,Uniform,11,0.002144739808710604,0.0001,1.0135129211619849e-07,1.0132159667606206e-07,0.0021447981450706147,7.645196373999994,2.7199737597039712e-05,5.833636001085357e-08,3.1174810322906395e-06,,"[577, 655, 1326, 1382, 1270]","[0.02453799999997841, 0.027386624999991227, 0.05590737500000387, 0.05739333299999316, 0.053524249999981066]",7.789875314070049e-06,9.780414126157497e-08,7.789875314070049e-06,1.729217222732237e-07,5
PINS,Uniform,12,0.002144739808710604,0.0001,9.629920824428685e-08,9.627103839225841e-08,0.0021447924201961847,8.074587498999989,2.4530474683780486e-05,5.261148558087167e-08,2.669190311983144e-06,,"[580, 639, 1329, 1386, 1374]","[0.024214583000002676, 0.02672920799997769, 0.05318124999999441, 0.056902957999994896, 0.057367665999976225]",7.789104686089773e-06,9.292887312875954e-08,7.789104686089773e-06,1.7292052261562747e-07,5
PINS,Uniform,13,0.002144739808710604,0.0001,9.257523109506506e-08,9.254813784305154e-08,0.0021447881759105087,8.506195624000014,2.2551546676422926e-05,4.8367199904919556e-08,1.978879464504956e-06,,"[571, 654, 1331, 1397, 1393]","[0.023653542000005245, 0.026862583000024642, 0.05472645800000464, 0.05937416699998721, 0.05766037499998333]",7.788517014130791e-06,8.933522987515613e-08,7.788517014130791e-06,1.729196305999337e-07,5
PINS,Uniform,14,0.002144739808710604,0.0001,8.889935902270615e-08,8.887327941026569e-08,0.0021447846866610065,8.935681374000012,2.0924659588298274e-05,4.487795040274134e-08,1.626850400131917e-06,,"[577, 655, 1367, 1453, 1410]","[0.02290775000000167, 0.025980959000008852, 0.05494395800002394, 0.05760245900000882, 0.056161042000013595]",7.787771083935584e-06,8.578800808924848e-08,7.787771083935584e-06,1.729190196736048e-07,5
PINS,Uniform,15,0.002144739808710604,0.0001,8.57840200355599e-08,8.575905821224382e-08,0.0021447818897152053,9.373062749000013,1.9620563963315204e-05,4.208100460147482e-08,1.3040683377970196e-06,,"[607, 715, 1492, 1576, 1502]","[0.02368520800001761, 0.02801883399999383, 0.05853500000000622, 0.062104000000005044, 0.05834566699999755]",7.78679178154892e-06,8.278170152902016e-08,7.78679178154892e-06,1.7291861686497342e-07,5
PINS,Uniform,16,0.002144739808710604,0.0001,8.302342392362336e-08,8.299913905069727e-08,0.0021447795000759354,9.821739541000028,1.8506377869423162e-05,3.969136533159279e-08,1.1141642333614353e-06,,"[607, 738, 1530, 1610, 1643]","[0.02368970800000625, 0.028806542000012314, 0.05949095800002624, 0.06209887500000377, 0.06398983299999372]",7.785687900787168e-06,8.01177223486813e-08,7.785687900787168e-06,1.7291834199709305e-07,5
PINS,Uniform,17,0.002144739808710604,0.0001,8.066202405139905e-08,8.063850205504494e-08,0.0021447775199496598,10.261489291000032,1.7583130085436263e-05,3.7711239055972234e-08,9.232306983307361e-07,,"[580, 764, 1549, 1670, 1681]","[0.022279875000009497, 0.029337958000013487, 0.059803707999975586, 0.06309633300000428, 0.06433975000001624]",7.784593330353198e-06,7.783896810829822e-08,7.784593330353198e-06,1.729181454240163e-07,5
PINS,Uniform,18,0.002144739808710604,0.0001,7.859381095932569e-08,7.857091230465102e-08,0.0021447757646188815,10.713037916000019,1.6764694780990177e-05,3.595590827767253e-08,8.184209140446891e-07,,"[577, 715, 1291, 1719, 1743]","[0.021554666000014322, 0.028231875000017226, 0.04840604200001053, 0.06382187500000214, 0.06535099999999261]",7.783646255744318e-06,7.584313952838954e-08,7.783646255744318e-06,1.7291800218703278e-07,5
PINS,Uniform,19,0.002144739808710604,0.0001,7.682462571093405e-08,7.680215149467197e-08,0.002144774230510307,11.152140499000012,1.60494058828595e-05,3.4421799703122924e-08,7.152769067316526e-07,,"[577, 654, 1291, 1788, 1778]","[0.021625749999998334, 0.024898000000007414, 0.04804816699999037, 0.06610249999999951, 0.06662550000001488]",7.782973087930932e-06,7.413587324358275e-08,7.782973087930932e-06,1.7291789706789253e-07,5
PINS,Uniform,20,0.002144739808710604,0.0001,7.531287871762135e-08,7.529086877778213e-08,0.0021447728951082923,11.590762540000014,1.5426765313947978e-05,3.308639768846017e-08,6.226305760606905e-07,,"[580, 656, 1294, 1830, 1812]","[0.02201237500000275, 0.024101583000003757, 0.04804662499998358, 0.06838974999999436, 0.06702624999999784]",7.782444122460927e-06,7.267703524163402e-08,7.782444122460927e-06,1.7291781747864475e-07,5
PINS,Uniform,21,0.002144739808710604,0.0001,7.40297148636933e-08,7.40080102352675e-08,0.0021447716996140006,12.026067831999995,1.4869357703563861e-05,3.18909033967911e-08,5.573990115203816e-07,,"[580, 684, 1318, 1835, 1839]","[0.021493582999994487, 0.025558625000002166, 0.04893179100000111, 0.06680345800000964, 0.06658308399997281]",7.781845847067112e-06,7.143878029479582e-08,7.781845847067112e-06,1.729177535781371e-07,5
PINS,Uniform,22,0.002144739808710604,0.0001,7.29379585913983e-08,7.29149610917575e-08,0.0021447706337214658,12.455562748000006,1.4372377822602864e-05,3.082501086196579e-08,4.969724912992553e-07,,"[582, 699, 1332, 1836, 1847]","[0.02224754199997392, 0.02599020900001392, 0.04888404199999741, 0.06801074999998491, 0.06729799999999386]",7.781194323548916e-06,7.038523393688329e-08,7.781194323548916e-06,1.729176988339129e-07,5
PINS,Uniform,23,0.002144739808710604,0.0001,7.201347057430467e-08,7.199171950283473e-08,0.0021447696670242188,12.87929645700001,1.3921648441320932e-05,2.985831361497493e-08,4.507229033220727e-07,,"[587, 715, 1340, 1837, 1849]","[0.021523916999996118, 0.02601475000000164, 0.04893383400002449, 0.06764029200002142, 0.06687175000001844]",7.780572479297022e-06,6.949310168350467e-08,7.780572479297022e-06,1.7291764960698679e-07,5
PINS,Uniform,24,0.002144739808710604,0.0001,7.122644342775712e-08,7.120541119837292e-08,0.0021447687783794803,13.312522582000014,1.3507311590335635e-05,2.896966887645097e-08,4.14331082813623e-07,,"[588, 715, 1346, 1837, 1860]","[0.02128679099999431, 0.026466416999994635, 0.04883087500002148, 0.06779604199999767, 0.06720491600000855]",7.780011546249913e-06,6.87336193660086e-08,7.780011546249913e-06,1.7291760414025045e-07,5
PINS,Uniform,25,0.002144739808710604,0.0001,7.055868872054993e-08,7.053762160010215e-08,0.0021447679828084116,13.745605915000027,1.3136370991654212e-05,2.817409780779198e-08,3.7093558833885044e-07,,"[591, 715, 1343, 1837, 1869]","[0.021423041000019794, 0.02597570800000426, 0.048594000000008464, 0.06631483300000696, 0.0669505840000113]",7.779511186865904e-06,6.808923512237314e-08,7.779511186865904e-06,1.7291756154623493e-07,5
PINS,Uniform,26,0.002144739808710604,0.0001,6.999025786847119e-08,6.996945045902441e-08,0.0021447672576186167,14.182652249000029,1.2798246156190254e-05,2.7448908012858708e-08,3.3812039378902507e-07,,"[591, 715, 1336, 1813, 1893]","[0.021152709000006098, 0.0255838330000131, 0.04826475000001551, 0.06543045800000868, 0.06824341600000139]",7.779063854626754e-06,6.75406985404181e-08,7.779063854626754e-06,1.729175214421408e-07,5
PINS,Uniform,27,0.002144739808710604,0.0001,1.8478950122046235e-10,1.8473469664217636e-10,0.0021447458526419705,14.711000541000033,2.818025450976304e-06,6.043931366668531e-09,9.980092977527363e-06,,"[591, 715, 1320, 1866, 1926, 1692]","[0.021277749999995876, 0.026054375000001073, 0.0481349160000093, 0.06662804199999073, 0.06859404200000085, 0.060993916000001036]",7.778611920638839e-06,1.7832213190041345e-10,7.778611920638839e-06,1.729174597003429e-07,6
PINS,Uniform,28,0.002144739808710604,0.0001,2.460612265582237e-10,2.4598964031053544e-10,0.002144745397677071,15.239765916000039,2.6058948709991733e-06,5.588966467146711e-09,2.1212998218944177e-07,,"[592, 715, 1311, 1894, 1931, 1737]","[0.021292999999985796, 0.025746542000007366, 0.04700045800001362, 0.06721254199999294, 0.07048058300000548, 0.061665832999977965]",7.778302383357603e-06,2.374494341296177e-10,7.778302383357603e-06,1.7291743630124968e-07,6
PINS,Uniform,29,0.002144739808710604,0.0001,2.095256926372499e-10,2.094733343364971e-10,0.002144744956131664,15.775577416000033,2.4000212236621874e-06,5.1474210601386294e-09,2.058731108533023e-07,,"[589, 715, 1329, 1919, 1963, 1742]","[0.020916833000001134, 0.02566695799998797, 0.04828262499998459, 0.07112004100000036, 0.0698480410000002, 0.06354066600002284]",7.777977981660199e-06,2.0219259185298255e-10,7.777977981660199e-06,1.7291740308817263e-07,6
PINS,Uniform,30,0.002144739808710604,0.0001,2.076303110145633e-10,2.0757077016315089e-10,0.0021447445626902573,16.308837374000035,2.216576404376206e-06,4.753979653514262e-09,1.8344437901557859e-07,,"[589, 715, 1331, 1930, 1966, 1747]","[0.021098042000005535, 0.025564792000011494, 0.048166874999992615, 0.06838383400000225, 0.06974670900001456, 0.06294304200000056]",7.77768520860449e-06,2.003635458872212e-10,7.77768520860449e-06,1.729173722573404e-07,6
PINS,Uniform,31,0.002144739808710604,0.0001,2.059075722184668e-10,2.0584806607240146e-10,0.002144744201574137,16.84406133300004,2.0482034767853224e-06,4.392863533000946e-09,1.6837255438025248e-07,,"[591, 717, 1343, 1941, 1979, 1776]","[0.021068790999976272, 0.025812833000003366, 0.04769729099999154, 0.06946970799998553, 0.07103408399999012, 0.06273891700001855]",7.777419535865465e-06,1.9870110049503966e-10,7.777419535865465e-06,1.7291734381697618e-07,6
PINS,Uniform,32,0.002144739808710604,0.0001,2.043905536684126e-10,2.0412933910904674e-10,0.002144743872015959,17.37532950000005,1.8945446617234584e-06,4.063305355378466e-09,1.536585003379892e-07,,"[589, 717, 1345, 1943, 1988, 1778]","[0.020942832999992333, 0.025762583000016548, 0.04735554100000172, 0.06883587499999066, 0.06981325000000993, 0.06287133300000392]",7.777176700774367e-06,1.9723717543332636e-10,7.777176700774367e-06,1.729173178002175e-07,6
PINS,Uniform,33,0.002144739808710604,0.0001,2.0302667690854516e-10,2.026785147981435e-10,0.0021447435601431386,17.90824391700005,1.7491317686206214e-06,3.7514325348410316e-09,1.454126176121387e-07,,"[589, 716, 1350, 1944, 1999, 1782]","[0.020923624999994672, 0.025453209000005472, 0.04771833300000594, 0.06951391699999476, 0.07054587499999343, 0.0634439589999829]",7.776952735270391e-06,1.9592103241728546e-10,7.776952735270391e-06,1.7291729415969315e-07,6
PINS,Uniform,34,0.002144739808710604,0.0001,2.0177025249286547e-10,2.0142211979711185e-10,0.0021447432899362215,18.438076959000057,1.6231458956146672e-06,3.481225617670003e-09,1.2598565264044678e-07,,"[589, 718, 1352, 1944, 1972, 1751]","[0.02114504099998271, 0.025577249999997775, 0.047780375000002095, 0.06902220800000691, 0.07054549999998017, 0.06167275000001382]",7.77674423817756e-06,1.947085810664458e-10,7.77674423817756e-06,1.7291727277033755e-07,6
PINS,Uniform,35,0.002144739808710604,0.0001,2.0057471250326378e-10,2.0085622892458724e-10,0.0021447430304256648,18.97039516700005,1.5021472758039874e-06,3.2217150609629985e-09,1.2099842341258544e-07,,"[592, 718, 1356, 1952, 1967, 1773]","[0.021173416999999972, 0.025415332999983775, 0.04818491700001459, 0.0690367500000093, 0.0692117499999938, 0.06348404099998106]",7.776548500568048e-06,1.9379403436503493e-10,7.776548500568048e-06,1.7291725347689633e-07,6
PINS,Uniform,36,0.002144739808710604,0.0001,1.9939503143249385e-10,1.986622534256407e-10,0.002144742795045358,19.504780375000053,1.3923995544862478e-06,2.986334754137565e-09,1.097475564607466e-07,,"[592, 718, 1358, 1952, 1980, 1784]","[0.02118508300000599, 0.02575225000001069, 0.04809083399999281, 0.06970766599999934, 0.0694545830000095, 0.06229762500001357]",7.7763635596716e-06,1.9241648935981305e-10,7.7763635596716e-06,1.7291723606650722e-07,6
PINS,Uniform,37,0.002144739808710604,0.0001,1.9822692683630516e-10,1.9840380102632107e-10,0.002144742579547235,20.034331792000074,1.2919220411098444e-06,2.7708366313189403e-09,1.0047737347175345e-07,,"[589, 718, 1365, 1953, 2010, 1742]","[0.021010541000009653, 0.025391999999982318, 0.04864000000000601, 0.06904204200000663, 0.07046587499999646, 0.06091008300001022]",7.776188064941278e-06,1.9142783492507228e-10,7.776188064941278e-06,1.7291722034161597e-07,6
PINS,Uniform,38,0.002144739808710604,0.0001,1.9703346444612818e-10,1.9683405308631672e-10,0.0021447423765434655,20.56828958400007,1.197270107674445e-06,2.5678328617086132e-09,9.465181115263823e-08,,"[593, 717, 1363, 1955, 1981, 1735]","[0.0211620000000039, 0.025237000000004173, 0.04909887499999854, 0.06897937499999784, 0.06979945899999507, 0.06112629200001152]",7.776021193718162e-06,1.9013757385404552e-10,7.776021193718162e-06,1.7291720608310507e-07,6
PINS,Uniform,39,0.002144739808710604,0.0001,1.9582249939946677e-10,1.958228011616939e-10,0.0021447421925823817,21.100711084000068,1.1114969602594443e-06,2.3838717779292584e-09,8.577304472149812e-08,,"[593, 718, 1387, 1962, 1983, 1743]","[0.020993207999993047, 0.025185040999986086, 0.04887062499997796, 0.06956900000000132, 0.06943129199999021, 0.06137170899998523]",7.775862605145117e-06,1.889689908590629e-10,7.775862605145117e-06,1.729171930926231e-07,6
PINS,Uniform,40,0.002144739808710604,0.0001,1.9457715849512045e-10,1.9447874358539336e-10,0.0021447420184721984,21.63575812600007,1.0303168643825714e-06,2.2097615946271854e-09,8.118000564554348e-08,,"[597, 718, 1388, 1970, 1986, 1746]","[0.021291708000006793, 0.025108875000000808, 0.049674124999995684, 0.07053029200000083, 0.07102020900001094, 0.06168062500000815]",7.775712330849111e-06,1.8776723511244784e-10,7.775712330849111e-06,1.7291718119181612e-07,6
PINS,Uniform,41,0.002144739808710604,0.0001,1.9327387803770736e-10,1.93815903202843e-10,0.0021447418654195025,22.17379204200006,9.589549698863586e-07,2.0567088986761517e-09,7.136182097092514e-08,,"[597, 718, 1392, 1976, 1988, 1751]","[0.02103370800000448, 0.025721207999993112, 0.049800792000013416, 0.06933762499997442, 0.07033275000000572, 0.06211583400002496]",7.775570737818267e-06,1.8700124963455485e-10,7.775570737818267e-06,1.7291717021804086e-07,6
PINS,Uniform,42,0.002144739808710604,0.0001,1.919150833849931e-10,1.9172334648230062e-10,0.002144741715262862,22.706163333000063,8.889433815417686e-07,1.90655225808245e-09,7.001152120669384e-08,,"[598, 718, 1391, 1976, 2007, 1767]","[0.021497457999998915, 0.02524454200002424, 0.048697666999999, 0.06923312499998246, 0.06995650000001774, 0.06247037500000374]",7.775438495523184e-06,1.8519832883919268e-10,7.775438495523184e-06,1.7291716002845547e-07,6
PINS,Uniform,43,0.002144739808710604,0.0001,1.9052950549060083e-10,1.9050671879329221e-10,0.0021447415855022503,23.23140837400007,8.284415849989053e-07,1.7767916465384614e-09,6.050174276023957e-08,,"[599, 718, 1394, 1847, 2004, 1756]","[0.02128208299998846, 0.02531441700000414, 0.048766333000003215, 0.06455820900001186, 0.06962095800000156, 0.06179787500002476]",7.775316554067279e-06,1.8386124419742324e-10,7.775316554067279e-06,1.729171504966738e-07,6
PINS,Uniform,44,0.002144739808710604,0.0001,1.890777875014234e-10,1.890356823048885e-10,0.0021447414570077827,23.756761332000053,7.685301369303097e-07,1.6482971788682466e-09,5.991139843550167e-08,,"[599, 718, 1394, 1850, 1894, 1744]","[0.021083374999989246, 0.02554379200000767, 0.049047500000000355, 0.06634120900000084, 0.066370500000005, 0.062188499999990654]",7.775206159550307e-06,1.8246033426997312e-10,7.775206159550307e-06,1.7291714152058366e-07,6
PINS,Uniform,45,0.002144739808710604,0.0001,1.8756450408105523e-10,1.87512821671174e-10,0.002144741343747365,24.281933166000044,7.157216717366592e-07,1.535036761330516e-09,5.2808424608784696e-08,,"[600, 719, 1400, 1852, 1900, 1749]","[0.021428249999985383, 0.02520954199999892, 0.048964167000008274, 0.06494783299999085, 0.06651183299999275, 0.06137750000002029]",7.775108925388514e-06,1.8100001361372732e-10,7.775108925388514e-06,1.7291713298795222e-07,6
PINS,Uniform,46,0.002144739808710604,0.0001,1.8600364100687382e-10,1.8589722496823432e-10,0.002144741238733001,24.806855958000057,6.667579869429699e-07,1.4300223973723325e-09,4.8963649749344067e-08,,"[600, 718, 1403, 1872, 1907, 1760]","[0.021359042000000272, 0.025372333000007075, 0.04895899999999642, 0.06646725000001652, 0.06664708299999234, 0.06245758300002535]",7.775026933047556e-06,1.7949377852377709e-10,7.775026933047556e-06,1.7291712483246164e-07,6
PINS,Uniform,47,0.002144739808710604,0.0001,1.8441183256809507e-10,1.8509111924655572e-10,0.0021447411409702727,25.336371125000056,6.211754281304164e-07,1.3322596689041566e-09,4.558252842003864e-08,,"[602, 718, 1402, 1911, 1966, 1782]","[0.021587041000003637, 0.025456915999996, 0.049015624999981355, 0.06805625000001214, 0.0687810420000119, 0.06330229200000304]",7.774962940176844e-06,1.7858323297206406e-10,7.774962940176844e-06,1.729171169700187e-07,6
PINS,Uniform,48,0.002144739808710604,0.0001,1.8273504408876397e-10,1.8262237653116525e-10,0.0021447410511733988,25.863702167000042,5.793070049468757e-07,1.2424627949744749e-09,4.186839717592117e-08,,"[607, 718, 1340, 1911, 1967, 1757]","[0.02193495800000278, 0.02525220799998351, 0.04677974999998469, 0.06825074999997582, 0.06815270900000314, 0.06087099999999168]",7.774920337009123e-06,1.7633957784186125e-10,7.774920337009123e-06,1.7291710933035578e-07,6
PINS,Uniform,49,0.002144739808710604,0.0001,1.8101198447210337e-10,1.809682814656606e-10,0.0021447409809622203,26.389282667000032,5.46570549845939e-07,1.1722516165234287e-09,3.27364361364899e-08,,"[615, 722, 1287, 1916, 1966, 1758]","[0.022001291999998784, 0.025270875000018123, 0.0447269590000019, 0.06693791600000054, 0.06849712499999328, 0.06151404199999888]",7.77490322760717e-06,1.746768228573784e-10,7.77490322760717e-06,1.729171018631061e-07,6
PINS,Uniform,50,0.002144739808710604,0.0001,1.792729277854813e-10,1.7870714019329717e-10,0.0021447409026535756,26.919505042000026,5.100585942199474e-07,1.0939429717984894e-09,3.651193566964283e-08,,"[621, 718, 1405, 1944, 2030, 1784]","[0.021676582999987204, 0.02513749999999959, 0.04892616700001895, 0.06890791700001841, 0.07147470800001088, 0.0616893330000039]",7.774916281727752e-06,1.7299863067759575e-10,7.774916281727752e-06,1.7291709455021178e-07,6
PINS,Uniform,51,0.002144739808710604,0.0001,1.7743936967109068e-10,1.7687587405103924e-10,0.002144740845529725,27.462317959000046,4.834241975642385e-07,1.036819121010002e-09,2.6634383070612923e-08,,"[626, 724, 1443, 1959, 2037, 1793]","[0.02187916699998027, 0.02528179099999761, 0.05044020800002613, 0.06941545799998039, 0.07235629200002336, 0.06239187500000298]",7.774963940164641e-06,1.7122924448540423e-10,7.774963940164641e-06,1.7291708737816488e-07,6
PINS,Uniform,52,0.002144739808710604,0.0001,1.755195755137023e-10,1.7481267241967102e-10,0.0021447407860432127,27.99931895900002,4.556881934910235e-07,9.773326089396184e-10,2.773599066496593e-08,,"[632, 724, 1467, 2026, 2039, 1799]","[0.02246837500001675, 0.02573787500000435, 0.051149416000015435, 0.07013916600001835, 0.0710782919999815, 0.06191170799999668]",7.77504860891995e-06,1.6937664038888132e-10,7.77504860891995e-06,1.7291708041063944e-07,6
PINS,Uniform,53,0.002144739808710604,0.0001,1.7355449610643749e-10,1.7352243107750747e-10,0.002144740732536448,28.54015429200004,4.307402886962562e-07,9.238258443823588e-10,2.4947893426306804e-08,,"[635, 726, 1472, 2032, 2039, 1845]","[0.02284470800000804, 0.025341459000003397, 0.05228916699999786, 0.07103995800000007, 0.07043445899998346, 0.06491587499999696]",7.775167965706228e-06,1.6748033596172127e-10,7.775167965706228e-06,1.7291707377253133e-07,6
PINS,Uniform,54,0.002144739808710604,0.0001,1.714879149980238e-10,1.7136624710905087e-10,0.002144740700925142,29.089301042000017,4.160012952331154e-07,8.922145383616353e-10,1.4738987114465256e-08,,"[647, 726, 1476, 2175, 2046, 1847]","[0.023075167000001784, 0.025316707999991195, 0.052297707999997556, 0.07614849999998796, 0.07115316599998778, 0.06488399999997796]",7.775312137316575e-06,1.6548608224836885e-10,7.775312137316575e-06,1.729170676535173e-07,6
PINS,Uniform,55,0.002144739808710604,0.0001,1.692891769018542e-10,1.692393232342723e-10,0.0021447406621882604,29.632524625000002,3.9793995203405137e-07,8.534776566038182e-10,1.806133568552496e-08,,"[652, 729, 1485, 2185, 2049, 1858]","[0.02349662499997862, 0.025959583999991764, 0.05185491699998579, 0.07576675000001387, 0.07096833400001401, 0.06578620799999157]",7.775464535263169e-06,1.633642968535815e-10,7.775464535263169e-06,1.729170622720599e-07,6
PINS,Uniform,56,0.002144739808710604,0.0001,1.6705975797070063e-10,1.6701665571233025e-10,0.0021447406459809987,30.163056334000004,3.903832024482103e-07,8.372703949426075e-10,7.556746578709732e-09,,"[654, 737, 1493, 2197, 2050, 1858]","[0.022888917000017273, 0.025994875000009188, 0.05201745900001242, 0.07611174999999548, 0.07242316700001084, 0.0652250830000014]",7.775604916627991e-06,1.612129044093314e-10,7.775604916627991e-06,1.729170577623792e-07,6
PINS,Uniform,57,0.002144739808710604,0.0001,1.6467998398323544e-10,1.6463410693515364e-10,0.0021447406173457197,30.72116304299999,3.7703180246603605e-07,8.086351158988203e-10,1.3351394770014e-08,,"[654, 738, 1567, 2217, 2053, 1892]","[0.02282299999998827, 0.02625291699999366, 0.05518670799997949, 0.07839383399999633, 0.07264687500000377, 0.06663041699999894]",7.775718222480097e-06,1.5891641912156793e-10,7.775718222480097e-06,1.7291705413812275e-07,6
PINS,Uniform,58,0.002144739808710604,0.0001,1.622483165272148e-10,1.6218639216329292e-10,0.002144740598346837,31.275449209999977,3.681734399341338e-07,7.896362331366591e-10,8.85835919201912e-09,,"[654, 739, 1576, 2221, 2156, 1898]","[0.022902708000003713, 0.026242917000018906, 0.05441874999999641, 0.07732512500001576, 0.0750135830000147, 0.06547204100002091]",7.775798998544496e-06,1.56569856562729e-10,7.775798998544496e-06,1.729170513153829e-07,6
PINS,Uniform,59,0.002144739808710604,0.0001,1.4317893005231569e-08,1.431375551808758e-08,0.002144744828984911,31.75836641899997,2.3407381571357024e-06,5.0202743073768374e-09,1.9725639909558983e-06,,"[741, 876, 1689, 2267, 2124]","[0.025801833000002716, 0.031110541000003877, 0.06029345799998964, 0.07856033299998444, 0.07401979200000142]",7.775864988765338e-06,1.3816787145113994e-08,7.775864988765338e-06,1.7291705403354443e-07,5
PINS,Uniform,60,0.002144739808710604,0.0001,1.3598275834644978e-08,1.359435040860738e-08,0.0021447445998633258,32.24178950199996,2.2339086086332865e-06,4.791152721957126e-09,1.0682929844300067e-07,,"[742, 876, 1692, 2282, 2124]","[0.025963499999988926, 0.03094799999999509, 0.059978624999985186, 0.07918029200001797, 0.07438716599997974]",7.775875803185327e-06,1.3122355550442128e-08,7.775875803185327e-06,1.7291704964144183e-07,5
PINS,Uniform,61,0.002144739808710604,0.0001,1.0045979231575063e-11,1.0034078861657195e-11,0.002144740507569319,32.81525770999994,3.258477846203941e-07,6.988587152555181e-10,1.9080565615889135e-06,,"[744, 876, 1691, 2280, 2120, 1785]","[0.02602270900001713, 0.031058000000001584, 0.06009512500000369, 0.07889187499998229, 0.07388458299999456, 0.061466416999991225]",7.775869404753841e-06,9.694384268424946e-12,7.775869404753841e-06,1.7291704373092838e-07,6
PINS,Uniform,62,0.002144739808710604,0.0001,9.656599420703355e-12,9.877811848720052e-12,0.0021447404907269547,33.40303725199993,3.179949139643064e-07,6.820163509467514e-10,7.852868097248068e-09,,"[742, 876, 2067, 2262, 2125, 1783]","[0.02596162500000787, 0.03070433300001696, 0.07250220800000307, 0.07795708300000115, 0.07360291699998811, 0.06159183299999427]",7.775881019451457e-06,9.53050358015496e-12,7.775881019451457e-06,1.729170450274958e-07,6
PINS,Uniform,63,0.002144739808710604,0.0001,9.878492555206375e-12,9.976151655109453e-12,0.002144740486405657,33.996581834999915,3.159800785784796e-07,6.776950532867698e-10,2.014834745119619e-09,,"[744, 878, 2071, 2262, 2121, 1773]","[0.02622350000001461, 0.03081033299997671, 0.07259133400000906, 0.07984808300000168, 0.07400141600001575, 0.06127862499999992]",7.77586889142654e-06,9.625385715107488e-12,7.77586889142654e-06,1.7291704416656886e-07,6
PINS,Uniform,64,0.002144739808710604,0.0001,9.699334126917567e-12,9.999205917074743e-12,0.0021447404689877822,34.58760045999992,3.0785887208183433e-07,6.602771784186556e-10,8.121203930506569e-09,,"[744, 884, 1819, 2259, 2121, 1780]","[0.026067457999999988, 0.03092316699999742, 0.07246012500002053, 0.07828183400002331, 0.07404008399998929, 0.06166533300000765]",7.775851195225094e-06,9.647629378943471e-12,7.775851195225094e-06,1.729170434584803e-07,6
PINS,Uniform,65,0.002144739808710604,0.0001,9.488387915199706e-12,9.265945643602249e-12,0.0021447404669513014,35.17059887699992,3.069093486082846e-07,6.582406976256283e-10,9.49523181230614e-10,,"[742, 878, 1827, 2255, 2180, 1732]","[0.02576212499999997, 0.030671957999999222, 0.06404424999999492, 0.078222334000003, 0.07588745800001107, 0.06012112499999489]",7.775829899702513e-06,9.156307853864002e-12,7.775829899702513e-06,1.7291704286894765e-07,6
PINS,Uniform,66,0.002144739808710604,0.0001,9.45043070777921e-12,9.772601643917268e-12,0.0021447404563111863,35.74913487699993,3.019483202131999e-07,6.476005825345466e-10,4.96102687249914e-09,,"[744, 886, 1818, 2261, 2120, 1780]","[0.02593475000000467, 0.031043583000013086, 0.06312054200000716, 0.07853850000000762, 0.07333800000000679, 0.06136241600000858]",7.775806364810188e-06,9.42899261306039e-12,7.775806364810188e-06,1.729170423674416e-07,6
PINS,Uniform,67,0.002144739808710604,0.0001,9.245584998405242e-12,1.0155040579374038e-11,0.0021447404506699675,36.320548084999956,2.993180623115369e-07,6.419593637056742e-10,2.630257107461334e-09,,"[748, 878, 1817, 2263, 2137, 1788]","[0.026093332999977292, 0.030606540999997378, 0.06400379100000464, 0.07838424999999916, 0.07411420799999746, 0.06160737500002256]",7.775781525592056e-06,9.797984825038359e-12,7.775781525592056e-06,1.7291704193790688e-07,6
PINS,Uniform,68,0.002144739808710604,0.0001,8.871469545941716e-12,9.098417986750569e-12,0.0021447404436422115,36.89994337699994,2.960413217238052e-07,6.349316077243483e-10,3.276739606944313e-09,,"[744, 878, 1815, 2282, 2204, 1744]","[0.025927917000018397, 0.030817291999994723, 0.06294954200001257, 0.07893345799999452, 0.07661195800000087, 0.06043458399997803]",7.775756048954854e-06,8.778513553860475e-12,7.775756048954854e-06,1.7291704157072784e-07,6
PINS,Uniform,69,0.002144739808710604,0.0001,8.744703310096492e-12,8.865300543917544e-12,0.00214474043730816,37.480571751999946,2.930880257979962e-07,6.28597556385363e-10,2.9532950515116045e-09,,"[748, 878, 1814, 2288, 2211, 1739]","[0.026281291999993073, 0.030486666000001605, 0.06315975000001117, 0.07929049999998483, 0.07636137500000473, 0.06079950000000167]",7.775730388396195e-06,8.553592624251496e-12,7.775730388396195e-06,1.7291704124799018e-07,6
PINS,Uniform,70,0.002144739808710604,0.0001,8.707166366692211e-12,8.717949786750344e-12,0.002144740426733604,38.061423334999944,2.8815756479529116e-07,6.180230003975662e-10,4.930459557646417e-09,,"[749, 878, 1814, 2375, 2211, 1738]","[0.026034624999994094, 0.03059983299999658, 0.06335833400001434, 0.08187016600001584, 0.07665079200000946, 0.06061358400000927]",7.775704870763092e-06,8.41142278540176e-12,7.775704870763092e-06,1.7291704096815363e-07,6
PINS,Uniform,71,0.002144739808710604,0.0001,8.590967258000172e-12,8.25889958727701e-12,0.0021447404235132826,38.64583687599995,2.8665606724031217e-07,6.148026788187211e-10,1.50149712231125e-09,,"[748, 878, 1815, 2378, 2216, 1738]","[0.025938375000009728, 0.030549082999982602, 0.06331025000000068, 0.08277358300000515, 0.07672666700000264, 0.06040658399999188]",7.775679729163593e-06,8.290295641339179e-12,7.775679729163593e-06,1.7291704071320245e-07,6
PINS,Uniform,72,0.002144739808710604,0.0001,8.822627844798037e-12,8.671222744323013e-12,0.002144740417355132,39.24179566699996,2.837847861706031e-07,6.086445280065189e-10,2.8712802466391475e-09,,"[748, 878, 1814, 2379, 2237, 1734]","[0.02664929200000188, 0.03097083299999781, 0.06408233399997698, 0.08271024999999099, 0.07706849999999577, 0.060489332999992484]",7.775655128285079e-06,8.513848437587116e-12,7.775655128285079e-06,1.7291704049312445e-07,6
PINS,Uniform,73,0.002144739808710604,0.0001,8.981530225473758e-12,8.535325732161454e-12,0.002144740415551739,39.85459212599997,2.8294394154640673e-07,6.068411350680647e-10,8.408443855775053e-10,,"[748, 869, 1820, 2378, 2285, 1721]","[0.026299374999979364, 0.030706708999986176, 0.06467637500000478, 0.08375366699999631, 0.0790922500000022, 0.061535832999993545]",7.775631188485597e-06,8.66718946128705e-12,7.775631188485597e-06,1.729170402947694e-07,6
PINS,Uniform,74,0.002144739808710604,0.0001,8.659294692502248e-12,8.642641760799195e-12,0.002144740406253951,40.44373058399995,2.786087826789616e-07,5.975433472679703e-10,4.335157640838556e-09,,"[748, 869, 1814, 2377, 2307, 1725]","[0.02613558300001273, 0.03053733399997327, 0.06294358299999203, 0.08266983400000072, 0.0794845420000172, 0.05962808300000688]",7.775608002600692e-06,8.356231712962424e-12,7.775608002600692e-06,1.7291704011858797e-07,6
PINS,Uniform,75,0.002144739808710604,0.0001,7.828220776208333e-12,8.001249746512819e-12,0.0021447403983304255,41.028569750999935,2.749143832376977e-07,5.896198217170134e-10,3.6943984119720463e-09,,"[748, 869, 1814, 2374, 2207, 1734]","[0.026067457999999988, 0.03062154099998793, 0.06289362499998674, 0.0824092080000014, 0.07616962499997726, 0.060560832999982495]",7.775585638340519e-06,7.719922238115467e-12,7.775585638340519e-06,1.7291703995419307e-07,6
PINS,Uniform,76,0.002144739808710604,0.0001,8.366788225103427e-12,8.574907481660779e-12,0.0021447403993775246,41.61307116699993,2.7540260051942437e-07,5.90666920756433e-10,4.882171475087099e-10,,"[748, 869, 1815, 2377, 2117, 1786]","[0.026065708000004406, 0.030488249999990558, 0.06320325000001503, 0.0826299580000125, 0.07474000000001979, 0.06273129199999516]",7.775564124167416e-06,8.27340991153371e-12,7.775564124167416e-06,1.7291703980945922e-07,6
PINS,Uniform,77,0.002144739808710604,0.0001,7.992696036020691e-12,8.187619042352025e-12,0.0021447403872529177,42.18825933399992,2.697494174037799e-07,5.785423138823798e-10,5.653181558743531e-09,,"[748, 856, 1815, 2387, 2309, 1729]","[0.026507874999992964, 0.029722832999993898, 0.06351825000001554, 0.0839217500000018, 0.08079616599999895, 0.059879332999997814]",7.775543516397048e-06,7.899738706421317e-12,7.775543516397048e-06,1.7291703967959518e-07,6
PINS,Uniform,78,0.002144739808710604,0.0001,7.751794268922701e-12,7.984544970511581e-12,0.0021447403832141484,42.77623533399992,2.678663128413624e-07,5.745035445633984e-10,1.883104054451288e-09,,"[749, 864, 1815, 2389, 2320, 1730]","[0.026361207999997305, 0.02997487500002194, 0.06405083300001024, 0.08241133299998182, 0.08081220799999755, 0.05961933300000055]",7.775523834570062e-06,7.703804809486158e-12,7.775523834570062e-06,1.7291703955104125e-07,6
PINS,Uniform,79,0.002144739808710604,0.0001,7.726141455221042e-12,7.622207320320679e-12,0.0021447403804766233,43.368439416999905,2.6658992255883183e-07,5.717660195130037e-10,1.2763899406287116e-09,,"[749, 864, 1812, 2395, 2322, 1731]","[0.02657320800000207, 0.030001166999994666, 0.06301504199998931, 0.08318716600001608, 0.0803567500000213, 0.0598761250000166]",7.775505095968839e-06,7.455737509759656e-12,7.775505095968839e-06,1.7291703944132338e-07,6
PINS,Uniform,80,0.002144739808710604,0.0001,8.161348176016834e-12,8.283641023612639e-12,0.0021447403825753464,43.950487499999895,2.6756846694752764e-07,5.738647426180299e-10,9.785441278257827e-10,,"[750, 868, 1817, 2404, 2326, 1729]","[0.02655654099999083, 0.03018191600000364, 0.0627815420000104, 0.08362391599999341, 0.08120275000001698, 0.0599178330000143]",7.775487308862614e-06,7.992384512009974e-12,7.775487308862614e-06,1.729170393408887e-07,6
PINS,Uniform,81,0.002144739808710604,0.0001,7.587806029463658e-12,7.313717831633035e-12,0.0021447403732354643,44.54457058299988,2.6321368128618596e-07,5.645248604517483e-10,4.3547844961386364e-09,,"[750, 868, 1819, 2484, 2325, 1734]","[0.02578808300000901, 0.030749458000002505, 0.06313949999997703, 0.0861205420000033, 0.08157358299999373, 0.0594748329999959]",7.775470475603682e-06,7.322243626852436e-12,7.775470475603682e-06,1.7291703924615958e-07,6
PINS,Uniform,82,0.002144739808710604,0.0001,8.225708832125551e-12,8.103836889783877e-12,0.0021447403721757854,45.1372657499999,2.6271959859322586e-07,5.634651816313618e-10,4.940825629108211e-10,,"[749, 868, 1816, 2490, 2346, 1741]","[0.026128290999992032, 0.030321291999996447, 0.0631052909999994, 0.08681658300000095, 0.08129337499997291, 0.059944290999993655]",7.775454596391774e-06,7.937820740079264e-12,7.775454596391774e-06,1.7291703916067992e-07,6
PINS,Uniform,83,0.002144739808710604,0.0001,8.031776585587609e-12,8.189336213494827e-12,0.0021447403647313385,45.730887415999916,2.592485729059319e-07,5.560207346627655e-10,3.4710247753876885e-09,,"[750, 868, 1817, 2512, 2346, 1793]","[0.025990959000012026, 0.0305182079999895, 0.06347900000000095, 0.08741212499998596, 0.08055545899998151, 0.062275750000026164]",7.775439658241757e-06,7.901395501061148e-12,7.775439658241757e-06,1.7291703907873994e-07,6
PINS,Uniform,84,0.002144739808710604,0.0001,7.945419539991481e-12,7.684843592146039e-12,0.0021447403650634105,46.327056540999905,2.5940340382860396e-07,5.563528067062395e-10,1.5483088253233457e-10,,"[749, 868, 1856, 2517, 2348, 1738]","[0.026375624999985803, 0.03060387499999706, 0.06560287499999617, 0.08739404199999967, 0.08152466600000707, 0.05958354200001281]",7.775425651162796e-06,7.667341173912922e-12,7.775425651162796e-06,1.7291703900566397e-07,6
PINS,Uniform,85,0.002144739808710604,0.0001,6.596393812492675e-12,7.040552832315594e-12,0.0021447403503926225,46.925731415999905,2.5256304586894083e-07,5.416820186843196e-10,6.840356185251426e-09,,"[750, 870, 1884, 2516, 2349, 1798]","[0.02610291700000289, 0.030397125000007463, 0.06542308299998467, 0.08702862500001629, 0.08053991700001006, 0.06198266700002364]",7.775412525899458e-06,6.793003855742464e-12,7.775412525899458e-06,1.7291703893926035e-07,6
PINS,Uniform,86,0.002144739808710604,0.0001,7.572400852837662e-12,8.080445659946296e-12,0.0021447403513709406,47.51965204099989,2.5301919356433285e-07,5.426603368052785e-10,4.56147580185983e-10,,"[750, 872, 1856, 2522, 2351, 1797]","[0.02656283299998563, 0.03015350000001149, 0.06410999999999945, 0.08671008300001404, 0.08242670899997506, 0.06176887500001271]",7.77540027118561e-06,7.796333587923593e-12,7.77540027118561e-06,1.7291703888092805e-07,6
PINS,Uniform,87,0.002144739808710604,0.0001,7.143481039382004e-12,7.534972476233219e-12,0.0021447403458115105,48.124711957999864,2.504270702383014e-07,5.371009067188515e-10,2.592122670174673e-09,,"[750, 871, 1857, 2511, 2353, 1799]","[0.0264223329999993, 0.030420832999993763, 0.06460070900001824, 0.0893394590000014, 0.08310054200001105, 0.0623713749999979]",7.775388834758522e-06,7.270039484545866e-12,7.775388834758522e-06,1.7291703881964103e-07,6
PINS,Uniform,88,0.002144739808710604,0.0001,7.195232081425939e-12,7.320210865943424e-12,0.002144740341002182,48.71954374999987,2.4818468694453856e-07,5.322915780023307e-10,2.242382732209486e-09,,"[750, 870, 1856, 2489, 2354, 1799]","[0.026006124999980784, 0.029956375000011803, 0.06455995800001801, 0.0852134160000162, 0.08036774999999352, 0.06267170799998212]",7.77537817116507e-06,7.062828988224056e-12,7.77537817116507e-06,1.7291703876839504e-07,6
PINS,Uniform,89,0.002144739808710604,0.0001,7.247663943599902e-12,7.34518425575083e-12,0.002144740339392852,49.31734262499987,2.4743432559518443e-07,5.306822481454532e-10,7.503611631259583e-10,,"[750, 877, 1889, 2401, 2358, 1801]","[0.02646670799998674, 0.03126529099998265, 0.06536504199999627, 0.08405920800001354, 0.08069633299999168, 0.062396707999994305]",7.775368230156513e-06,7.0869243025115965e-12,7.775368230156513e-06,1.7291703872112877e-07,6
PINS,Uniform,90,0.002144739808710604,0.0001,7.433918677415425e-12,7.595250974472258e-12,0.0021447403415465376,49.90633337499986,2.4843849665649984e-07,5.328359337954114e-10,1.0041708128490255e-09,,"[750, 870, 1856, 2402, 2359, 1801]","[0.026464500000003, 0.03041758300000197, 0.06481295899999395, 0.08350308400000017, 0.08289212500000076, 0.06279808400000775]",7.775358957902506e-06,7.328198563912008e-12,7.775358957902506e-06,1.7291703867539902e-07,6
PINS,Uniform,91,0.002144739808710604,0.0001,7.536823328909116e-12,7.673858646302925e-12,0.0021447403345899686,50.51089733299986,2.451949474981587e-07,5.258793647940074e-10,3.243548352518835e-09,,"[750, 877, 1884, 2392, 2362, 1915]","[0.026389874999978247, 0.030905749999988075, 0.065885250000008, 0.08402220799999327, 0.08340720800001122, 0.06650874999999701]",7.775350313717898e-06,7.404042354954342e-12,7.775350313717898e-06,1.729170386413232e-07,6
PINS,Uniform,92,0.002144739808710604,0.0001,7.457223211411694e-12,7.289970997869888e-12,0.002144740332324104,51.11439529099988,2.44138472223118e-07,5.236135002147091e-10,1.0564750159983938e-09,,"[750, 871, 1860, 2392, 2361, 1915]","[0.02658262500000319, 0.03027616699998248, 0.06604275000000825, 0.0836715419999905, 0.08272083299999622, 0.06721887499998047]",7.775342194391302e-06,7.1962310214241165e-12,7.775342194391302e-06,1.7291703860070284e-07,6
PINS,Uniform,93,0.002144739808710604,0.0001,6.88223531131224e-12,7.312484339426042e-12,0.0021447403247051786,51.71139579099989,2.4058609471566145e-07,5.15994574758899e-10,3.5523766401846966e-09,,"[750, 881, 1881, 2395, 2365, 1918]","[0.02643058300000689, 0.03086600000000317, 0.06648845899999856, 0.08217508299998144, 0.08128945800001475, 0.06591250000002447]",7.775334593402178e-06,7.055374129823851e-12,7.775334593402178e-06,1.7291703857057274e-07,6
PINS,Uniform,94,0.002144739808710604,0.0001,7.115583118756985e-12,7.41719473933374e-12,0.0021447403227972408,52.30468274999987,2.3969650532318196e-07,5.140866369754415e-10,8.895891784567002e-10,,"[750, 883, 1885, 2399, 2362, 1918]","[0.026359874999997146, 0.031262666999992916, 0.06589504199999396, 0.0841426659999911, 0.08129170899999849, 0.06576541600000496]",7.775327440680994e-06,7.156402865386281e-12,7.775327440680994e-06,1.7291703853811674e-07,6
PINS,Uniform,95,0.002144739808710604,0.0001,7.313835603355268e-12,7.531075567800293e-12,0.00214474031986825,52.904860374999885,2.3833084278204239e-07,5.111576461581946e-10,1.365662213795128e-09,,"[749, 883, 1885, 2399, 2369, 1918]","[0.026310459000001174, 0.030943708999984665, 0.06634191699998837, 0.08389616599998817, 0.08131833400000232, 0.06650675000000206]",7.775320689332656e-06,7.2662795931508555e-12,7.775320689332656e-06,1.729170385165282e-07,6
PINS,Uniform,96,0.002144739808710604,0.0001,6.967241633006966e-12,7.303956521559979e-12,0.002144740317935637,53.50824258399987,2.3742974843203708e-07,5.09225033234334e-10,9.010941352467876e-10,,"[750, 883, 1884, 2404, 2368, 1918]","[0.026344791000013856, 0.030921874999989996, 0.06593787500000303, 0.08454795899999112, 0.08153720800001452, 0.06665358300000435]",7.775314291372673e-06,7.047146153836037e-12,7.775314291372673e-06,1.7291703848353688e-07,6
PINS,Uniform,97,0.002144739808710604,0.0001,7.344868794064864e-12,7.444063960157087e-12,0.0021447403192257786,54.111305583999865,2.3803128601688529e-07,5.105151748389936e-10,6.015374420253165e-10,,"[738, 883, 1884, 2405, 2361, 1914]","[0.025886250000013433, 0.031116999999994732, 0.06589633400000139, 0.08429037499999481, 0.08321445900000413, 0.06630808400001342]",7.775308205185197e-06,7.182327352425996e-12,7.775308205185197e-06,1.7291703846893805e-07,6
PINS,Uniform,98,0.002144739808710604,0.0001,6.79672670487379e-12,7.164292230967932e-12,0.0021447403088135047,54.711894999999856,2.3317649017387741e-07,5.001029009313318e-10,4.854794687414855e-09,,"[738, 880, 1885, 2404, 2371, 1918]","[0.02595058299999664, 0.030619457999989663, 0.0667659169999979, 0.0829803749999769, 0.08137762499998757, 0.06604112499999815]",7.775302392838877e-06,6.9123925219697055e-12,7.775302392838877e-06,1.729170384448195e-07,6
PINS,Uniform,99,0.002144739808710604,0.0001,7.47050096491121e-12,7.1991335344442675e-12,0.0021447403096642318,55.31300141699984,2.3357314763201813e-07,5.009536279722282e-10,3.9665736564956203e-10,,"[750, 877, 1881, 2406, 2369, 1918]","[0.026296208000019305, 0.031005707999980814, 0.06548937499999852, 0.08307625000000485, 0.08275062499998853, 0.06652483300001677]",7.775296819394326e-06,7.209044072464592e-12,7.775296819394326e-06,1.7291703842666613e-07,6
PINS,Uniform,100,0.002144739808710604,0.0001,7.50013092180098e-12,7.308011612252964e-12,0.00214474030418985,55.916141416999835,2.3102067866756065e-07,4.954792461736579e-10,2.552468368269411e-09,,"[750, 877, 1885, 2419, 2361, 1919]","[0.026391041000010773, 0.03008858399999781, 0.06506133300001693, 0.08370579200001771, 0.08337566599999491, 0.06697412500000155]",7.775291453561896e-06,7.237637023069494e-12,7.775291453561896e-06,1.729170384124912e-07,6
