algo,m,n,iter,opt,eta,rho,row_resid,col_resid,cost,time,rel_err,abs_err,rel_conv,grad_norm,cg_iter,cg_time,kkt_err,Delta_p,Delta_d,Delta_c,newton_iter
our,5000,5000,0,0.00045949154617637954,0.0001,0.0,1.8820401196685e-18,3.2524927812438965e-17,0.4998803139463323,0.0,1086.8988266618712,0.49942082240015595,1.0,,[],[],0.00017304893962615244,3.2001338145247454e-17,0.0,0.00017304893962615244,0
our,5000,5000,1,0.00045949154617637954,0.0001,0.0,2.0046243843951554e-18,4.893526502095264e-06,0.001192707812887799,9.776510875,1.5957122014818712,0.0007332162667114195,0.9976140132355446,,"[42, 46, 73, 178]","[0.5927493750000004, 0.6456086250000004, 0.9840086669999994, 2.6498107500000003]",4.814750004038134e-06,4.814750004038134e-06,3.8869111106695e-22,3.210249418380801e-07,4
our,5000,5000,2,0.00045949154617637954,0.0001,0.0,2.115839634464251e-18,8.409504768711631e-07,0.0007365310378631262,18.714991834000003,0.6029261996049929,0.00027703949168674663,0.38247152411970203,,"[39, 85, 193]","[0.5036121659999999, 1.4281882910000014, 3.686774875000001]",8.274127687216274e-07,8.274127687216274e-07,3.7804114459870784e-22,1.243560051815578e-07,3
our,5000,5000,3,0.00045949154617637954,0.0001,0.0,2.1598054367164922e-18,2.471247662731963e-07,0.0006062354641812197,25.495757043,0.3193615186741898,0.00014674391800484018,0.17690438960987823,,"[67, 219]","[0.9109429999999996, 3.432297417000001]",2.4314652611002286e-07,2.4314652611002286e-07,4.33720777758027e-22,6.826766958408027e-08,2
our,5000,5000,4,0.00045949154617637954,0.0001,0.0,2.182121648299569e-18,5.1979735835072694e-08,0.0005484286738228915,32.93213421,0.19355552542064114,8.893712764651194e-05,0.09535369303477151,,"[86, 251]","[1.329214583999999, 3.999461458000006]",5.114296064702202e-08,5.114296064702202e-08,4.317024706963044e-22,4.370098575565312e-08,2
our,5000,5000,5,0.00045949154617637954,0.0001,0.0,2.1626299422741946e-18,4.903920802478632e-09,0.0005188132439609799,40.800739002,0.129102914467613,5.9321697784600375e-05,0.05400051323989583,,"[107, 268]","[1.7211444169999979, 3.7194685420000013]",3.0568373296959384e-08,4.824976975893986e-09,4.350201660689114e-22,3.0568373296959384e-08,2
our,5000,5000,6,0.00045949154617637954,0.0001,0.0,2.2461534473018894e-18,9.666721927191558e-10,0.0005015846112529569,48.066405377,0.09160792059582223,4.2093065076577365e-05,0.03320777352653469,,"[115, 267]","[1.4897982079999963, 3.2521162500000003]",2.2687232674961004e-08,9.511106033256956e-10,4.480715593470824e-22,2.2687232674961004e-08,2
our,5000,5000,7,0.00045949154617637954,0.0001,0.0,2.1990956899516963e-18,3.376248176268993e-10,0.0004907458891309283,54.96618312700001,0.06801940800571664,3.125434295454875e-05,0.02160896063966859,,"[114, 267]","[1.3639407080000012, 3.2609793329999945]",1.7616790578551803e-08,3.321896982342821e-10,4.28736667857862e-22,1.7616790578551803e-08,2
our,5000,5000,8,0.00045949154617637954,0.0001,0.0,2.1988493591156537e-18,4.5929554312328207e-07,0.0004885030211684038,57.742968711,0.06313821273414234,2.901147499202424e-05,0.004570324504391567,,[120],[1.455997042],4.519017557503093e-07,4.519017557503093e-07,4.462063279539856e-22,1.4155532910922516e-08,1
our,5000,5000,9,0.00045949154617637954,0.0001,0.0,2.154635277455227e-18,2.77473098099873e-07,0.0004815352868669961,61.053119794,0.04797420295117875,2.2043740690616553e-05,0.0142634415745111,,[162],[2.0064422079999957],2.7300630733783023e-07,2.7300630733783023e-07,4.444350607051803e-22,1.168412569898209e-08,1
our,5000,5000,10,0.00045949154617637954,0.0001,0.0,2.1803364825999654e-18,1.7496931404555162e-07,0.00047680626418338494,64.627828835,0.03768234290943627,1.7314718007005404e-05,0.009820718881018044,,[186],[2.297298665999989],1.72152639849128e-07,1.72152639849128e-07,4.166317775319952e-22,9.87133672296929e-09,1
our,5000,5000,11,0.00045949154617637954,0.0001,0.0,2.185640936287676e-18,1.1441937041507569e-07,0.0004734656844979681,68.166137252,0.030412177194277384,1.3974138321588543e-05,0.007006157293546037,,[184],[2.2785502079999986],1.1257743550221849e-07,1.1257743550221849e-07,4.531731604901955e-22,8.487004184560953e-09,1
our,5000,5000,12,0.00045949154617637954,0.0001,0.0,2.1186203154749954e-18,8.028833974173046e-08,0.0004710315394722745,71.70977004400001,0.02511470209174474,1.1539993295894943e-05,0.0051411223778014825,,[198],[2.260000749999989],7.899584970679011e-08,7.899584970679011e-08,4.511612041497211e-22,7.422188371372476e-09,1
our,5000,5000,13,0.00045949154617637954,0.0001,0.0,2.16281456677838e-18,5.890973694026511e-08,0.0004691924962497572,75.41628796100001,0.02111235811431859,9.700950073377682e-06,0.003904288924214404,,[198],[2.4233088750000036],5.796140187441151e-08,5.796140187441151e-08,4.505331238547e-22,6.55392504696231e-09,1
our,5000,5000,14,0.00045949154617637954,0.0001,0.0,2.0944390409363016e-18,4.2445721535442456e-08,0.000467757352356768,78.93864762800001,0.017989027761602352,8.265806180388481e-06,0.0030587528668089684,,[189],[2.2627744579999955],4.1762425900149874e-08,4.1762425900149874e-08,4.55882651332594e-22,5.838934638957385e-09,1
our,5000,5000,15,0.00045949154617637954,0.0001,0.0,2.137336807360124e-18,3.072533829729413e-08,0.00046661898534098304,82.08644825300001,0.015511578447773176,7.1274391646035016e-06,0.00243366995740288,,[164],[1.8650352500000054],3.023071860909073e-08,3.023071860909073e-08,4.298739942173341e-22,5.257784678490708e-09,1
our,5000,5000,16,0.00045949154617637954,0.0001,0.0,2.0955938061213396e-18,2.299144252616307e-08,0.0004657045362345446,86.12617108700002,0.013521445845665616,6.212990058165077e-06,0.001959734033903889,,[219],[2.616525457999998],2.2621323895617713e-08,2.2621323895617713e-08,4.325354315188007e-22,4.764649467525592e-09,1
our,5000,5000,17,0.00045949154617637954,0.0001,0.0,2.09831651713155e-18,1.7769547855380537e-08,0.00046496014486659175,89.33022679500002,0.011901413063458299,5.468598690212215e-06,0.0015984198349701302,,[167],[1.8601270840000126],1.7483491827788553e-08,1.7483491827788553e-08,4.610798030298893e-22,4.334567634282609e-09,1
our,5000,5000,18,0.00045949154617637954,0.0001,0.0,2.040371256439944e-18,1.4160872016765087e-08,0.0004643450742764664,93.37137471200002,0.010562823495829432,4.8535281000868565e-06,0.0013228458329516337,,[224],[2.6437552080000017],1.3932908827756441e-08,1.3932908827756441e-08,4.534530451275675e-22,3.966762699894394e-09,1
our,5000,5000,19,0.00045949154617637954,0.0001,0.0,2.0246037871941304e-18,1.1510246183288804e-08,0.00046382938225123996,97.55440154500002,0.009440513347758762,4.337836074860422e-06,0.001110579294999469,,[229],[2.825908042000009],1.1324953044341523e-08,1.1324953044341523e-08,4.3805978742339725e-22,3.6492399754914976e-09,1
our,5000,5000,20,0.00045949154617637954,0.0001,0.0,2.055987123359476e-18,9.307388164063893e-09,0.0004633921437470964,100.90456287800002,0.008488943057114652,3.900597570716854e-06,0.0009426709925563357,,[158],[1.900853916999992],9.15755686238209e-09,9.15755686238209e-09,4.242214025790104e-22,3.3692024394197357e-09,1
our,5000,5000,21,0.00045949154617637954,0.0001,0.0,2.056754748579358e-18,7.483456009926481e-09,0.0004630184311424465,104.29507492000002,0.007675625363329615,3.5268849660669596e-06,0.0008064716022761361,,[158],[1.9828074579999964],7.362986557564432e-09,7.362986557564432e-09,4.568715693793967e-22,3.124946097201016e-09,1
our,5000,5000,22,0.00045949154617637954,0.0001,0.0,2.059009147634148e-18,6.111144451831844e-09,0.0004626967272556864,108.33424962800002,0.006975495209821632,3.2051810793068706e-06,0.0006947971508743624,,[233],[2.6782752089999917],6.012766613512088e-09,6.012766613512088e-09,4.352276051183142e-22,2.9092659134560173e-09,1
our,5000,5000,23,0.00045949154617637954,0.0001,0.0,2.0078721238097424e-18,5.098132180191675e-09,0.00046241816057318466,112.49900525300002,0.006369245356435177,2.9266143968051253e-06,0.0006020502547185928,,[234],[2.837326208999997],5.016061918670479e-09,5.016061918670479e-09,4.481016960398262e-22,2.718064840942826e-09,1
our,5000,5000,24,0.00045949154617637954,0.0001,0.0,1.9931268555720835e-18,4.297742187277624e-09,0.0004621750230263207,116.79141492000002,0.005840100590035867,2.683476849941167e-06,0.0005257958436636228,,[235],[2.934802250000004],4.228556687021079e-09,4.228556687021079e-09,4.394155138553282e-22,2.547955209987651e-09,1
our,5000,5000,25,0.00045949154617637954,0.0001,0.0,2.0040620544203743e-18,3.638311204570321e-09,0.0004619613447074118,120.82731258700002,0.005375068489473827,2.4697985310322655e-06,0.0004623320349718091,,[237],[2.7468257079999887],3.5797412927867947e-09,3.5797412927867947e-09,4.444805961579737e-22,2.3990509563967893e-09,1
our,5000,5000,26,0.00045949154617637954,0.0001,0.0,1.9107557674516985e-18,3.092059704361646e-09,0.00046177260076841423,124.89090858700001,0.004964301543774421,2.2810545920346967e-06,0.0004085708494010724,,[237],[2.7812516669999923],3.0422834059827817e-09,3.0422834059827817e-09,4.609531655219202e-22,2.2658489477267547e-09,1
our,5000,5000,27,0.00045949154617637954,0.0001,0.0,1.9356876379604243e-18,2.6515235927132004e-09,0.0004616050508776946,129.337788837,0.004599659599621408,2.1135047013150676e-06,0.0003628406935379386,,[240],[3.1284261669999864],2.608839090430364e-09,2.608839090430364e-09,4.213689590579664e-22,2.1454431661727505e-09,1
our,5000,5000,28,0.00045949154617637954,0.0001,0.0,1.9561737690317136e-18,2.307423876534112e-09,0.0004614555720633974,133.420546671,0.0042743460752680765,1.964025887017868e-06,0.00032382404398084713,,[236],[2.80988745800002],2.2702787272335135e-09,2.2702787272335135e-09,4.40099454263356e-22,2.036060338194076e-09,1
our,5000,5000,29,0.00045949154617637954,0.0001,0.0,1.9691224738826335e-18,2.037267901184271e-09,0.0004613216133046385,137.533898504,0.003982809136506929,1.8300671282589802e-06,0.0002902961127111143,,[236],[2.872754250000014],2.0044717508434524e-09,2.0044717508434524e-09,4.437323978326895e-22,1.9348143946933618e-09,1
our,5000,5000,30,0.00045949154617637954,0.0001,0.0,1.951315767799859e-18,1.813861073616765e-09,0.00046120111988624227,141.73779212899998,0.0037205770684766814,1.7095737098627318e-06,0.00026119179097875756,,[245],[2.8637808750000033],1.841362051679762e-09,1.7846613495975952e-09,4.5968652541365e-22,1.841362051679762e-09,1
our,5000,5000,31,0.00045949154617637954,0.0001,0.0,1.9218552544081983e-18,1.620474868225462e-09,0.0004610922741923138,146.13949437899998,0.0034836941598916796,1.6007280159342514e-06,0.0002360048344100461,,[243],[3.140264790999993],1.755175596666833e-09,1.5943882954330734e-09,4.4633381445878845e-22,1.755175596666833e-09,1
our,5000,5000,32,0.00045949154617637954,0.0001,0.0,1.957455564340469e-18,1.4552100467498196e-09,0.00046099358409093624,150.67379096199997,0.0032689130563027555,1.5020379145567076e-06,0.0002140354694739079,,[256],[3.313183084000002],1.6771289195510667e-09,1.4317839242241892e-09,4.042999673519152e-22,1.6771289195510667e-09,1
our,5000,5000,33,0.00045949154617637954,0.0001,0.0,1.9460741234837605e-18,1.311034640592804e-09,0.00046090380916738037,155.10223117099997,0.0030735342200588116,1.4122629910008361e-06,0.00019474224079041053,,[261],[3.2030114590000096],1.6057691693718071e-09,1.2899294687349896e-09,4.453606262167435e-22,1.6057691693718071e-09,1
our,5000,5000,34,0.00045949154617637954,0.0001,0.0,1.954760201494687e-18,1.1786489591435444e-09,0.0004608218717992615,159.55418554599996,0.002895212401516777,1.3303256228819728e-06,0.00017777541970608277,,[263],[3.1828241249999962],1.5385225724168599e-09,1.159674945740275e-09,4.616316253626081e-22,1.5385225724168599e-09,1
our,5000,5000,35,0.00045949154617637954,0.0001,0.0,1.8985626757708664e-18,1.0480436525579257e-09,0.0004607468795135434,163.97221821199994,0.0027320052950049684,1.2553333371638888e-06,0.00016273595136723763,,[260],[3.1523346670000194],1.4757581097469009e-09,1.0311721369496692e-09,4.638842782642027e-22,1.4757581097469009e-09,1
our,5000,5000,36,0.00045949154617637954,0.0001,0.0,1.889514389346275e-18,9.228044280179506e-10,0.0004606780779159614,168.37044904499993,0.002582271098250853,1.1865317395818621e-06,0.00014932623668480926,,[261],[3.158842624999977],1.416675942880746e-09,9.079490264584125e-10,4.480244356406105e-22,1.416675942880746e-09,1
our,5000,5000,37,0.00045949154617637954,0.0001,0.0,1.892932632621326e-18,8.10955904579308e-10,0.0004606148124949509,172.73641154499992,0.0024445853855604932,1.123266318571372e-06,0.00013733108659455534,,[265],[3.1308673750000082],1.360620728218268e-09,7.979010521708952e-10,4.591594529679371e-22,1.360620728218268e-09,1
our,5000,5000,38,0.00045949154617637954,0.0001,0.0,1.892775227252325e-18,7.175997966817235e-10,0.00046055651251705385,177.18927133699992,0.0023177060590914883,1.0649663406743113e-06,0.0001265699155033136,,[265],[3.225338042000004],1.3072591484656201e-09,7.060478005977358e-10,4.319492279340715e-22,1.3072591484656201e-09,1
our,5000,5000,39,0.00045949154617637954,0.0001,0.0,1.8484088085689437e-18,6.412796178098653e-10,0.0004605026666612288,181.5384611279999,0.002200520321349091,1.0111204848492375e-06,0.00011691476368620454,,[274],[3.093113458000005],1.2578914719036245e-09,6.309562318948517e-10,4.601088611801718e-22,1.2578914719036245e-09,1
our,5000,5000,40,0.00045949154617637954,0.0001,0.0,1.88812169838858e-18,5.781251471103786e-10,0.00046045282776191715,186.13715391999992,0.002092054997609494,9.612815855376084e-07,0.00010822716765784397,,[283],[3.3751161250000052],1.2118089791012594e-09,5.688184284262929e-10,4.4688631209523415e-22,1.2118089791012594e-09,1
our,5000,5000,41,0.00045949154617637954,0.0001,0.0,1.8966345952661232e-18,5.234380515646717e-10,0.00046040661246204994,190.8714467949999,0.0019914757807516915,9.150662856704074e-07,0.00010036923888997638,,[288],[3.5107064580000156],1.1677898168143666e-09,5.15011691426547e-10,4.328915234151995e-22,1.1677898168143666e-09,1
our,5000,5000,42,0.00045949154617637954,0.0001,0.0,1.8717668283355307e-18,4.757686521664319e-10,0.0004603636681500014,195.57979200399993,0.0018980152755347823,8.721219736218641e-07,9.327475080971625e-05,,[289],[3.4111361660000057],1.126091648600638e-09,4.681096789725635e-10,4.43089720075516e-22,1.126091648600638e-09,1
our,5000,5000,43,0.00045949154617637954,0.0001,0.0,1.8612712293095278e-18,4.3307232656414136e-10,0.0004603236952655238,200.26022079599994,0.0018110215434188864,8.321490891442774e-07,8.682892948138187e-05,,[281],[3.4705744589999767],1.0866593224586597e-09,4.2610068325587087e-10,4.659565362216799e-22,1.0866593224586597e-09,1
our,5000,5000,44,0.00045949154617637954,0.0001,0.0,1.8729901248693368e-18,3.952918930024192e-10,0.00046028643148991245,204.84129554599994,0.0017299236953268965,7.948853135329118e-07,8.095124364578076e-05,,[264],[3.351277792000019],1.0495421363428845e-09,3.889284430389274e-10,4.567656606279364e-22,1.0495421363428845e-09,1
our,5000,5000,45,0.00045949154617637954,0.0001,0.0,1.849235761759033e-18,3.6135575345201244e-10,0.00046025164942993676,209.32929758799995,0.0016542268511409097,7.601032535572202e-07,7.556612056346033e-05,,[259],[3.2641344159999903],1.0144475776156162e-09,3.555386109888917e-10,4.387486038866442e-22,1.0144475776156162e-09,1
our,5000,5000,46,0.00045949154617637954,0.0001,0.0,1.8909070446778008e-18,3.31102878908949e-10,0.0004602191262116431,213.98982479599994,0.0015834459661294871,7.275800352635892e-07,7.066399074053066e-05,,[266],[3.3646173330000124],9.811016072716504e-10,3.257727503634281e-10,4.67505157069976e-22,9.811016072716504e-10,1
our,5000,5000,47,0.00045949154617637954,0.0001,0.0,1.831553872258513e-18,3.0420707133365493e-10,0.0004601886817458527,218.30979879599994,0.0015171891088624095,6.97135569473152e-07,6.615210897696704e-05,,[267],[3.093048082999985],9.497217867792633e-10,2.9930991429289505e-10,4.335101476920582e-22,9.497217867792633e-10,1
our,5000,5000,48,0.00045949154617637954,0.0001,0.0,1.8225271139392385e-18,2.800600428492507e-10,0.0004601601428790279,222.56650812999993,0.0014550794420746384,6.685967026483393e-07,6.201557742911592e-05,,[266],[2.9690337920000047],9.202732594398423e-10,2.755516071818547e-10,4.543256823362168e-22,9.202732594398423e-10,1
our,5000,5000,49,0.00045949154617637954,0.0001,0.0,1.802745173263604e-18,2.5807295024704615e-10,0.0004601333532395684,226.7906137129999,0.0013967766513434292,6.418070631888581e-07,5.821807880158787e-05,,[266],[2.947732125000016],8.919732285209917e-10,2.5391846508076997e-10,4.302918335229672e-22,8.919732285209917e-10,1
our,5000,5000,50,0.00045949154617637954,0.0001,0.0,1.843522251418941e-18,2.378601493119913e-10,0.0004601081738257052,231.05265979599992,0.0013419782245329618,6.166276493256833e-07,5.472199240915524e-05,,[263],[3.0174691670000016],8.648027089491339e-10,2.3403105191523216e-10,4.610059324043122e-22,8.648027089491339e-10,1
our,5000,5000,51,0.00045949154617637954,0.0001,0.0,1.8307812114746983e-18,2.1930869384401726e-10,0.0004600844718958609,235.3979010869999,0.0012903952736788202,5.929257194813736e-07,5.151382042886357e-05,,[264],[3.0867395410000142],8.390338145924286e-10,2.157782397048361e-10,4.552500952045728e-22,8.390338145924286e-10,1
our,5000,5000,52,0.00045949154617637954,0.0001,0.0,1.8032038162643833e-18,2.031946183467583e-10,0.0004600621423890175,239.92047192099992,0.00124179915253307,5.705962126379381e-07,4.8533493754794007e-05,,[267],[3.2800731250000013],8.145110082294384e-10,1.999235702691482e-10,4.324411645403202e-22,8.145110082294384e-10,1
our,5000,5000,53,0.00045949154617637954,0.0001,0.0,1.833896587468277e-18,1.8777652846027393e-10,0.0004600410663224656,244.3863825459999,0.0011959309168119501,5.495201460860581e-07,4.581134722895447e-05,,[270],[3.240102417000003],7.914334386767339e-10,1.8475368239556136e-10,4.40370891205028e-22,7.914334386767339e-10,1
our,5000,5000,54,0.00045949154617637954,0.0001,0.0,1.797954123262407e-18,1.7406403469647249e-10,0.0004600211596159371,249.16148642099992,0.0011526075810636232,5.296134395575409e-07,4.327158592090474e-05,,[271],[3.4641072499999837],7.698475639822969e-10,1.7126193378106685e-10,4.409173502439838e-22,7.698475639822969e-10,1
our,5000,5000,55,0.00045949154617637954,0.0001,0.0,1.8582282430498565e-18,1.6153321099084617e-10,0.00046000233322474927,253.83144783799995,0.0011116353556887097,5.107870483697348e-07,4.0925054846442064e-05,,[272],[3.384541082999988],7.490440471482734e-10,1.589328325773781e-10,4.554248225038172e-22,7.490440471482734e-10,1
our,5000,5000,56,0.00045949154617637954,0.0001,0.0,1.862354908332679e-18,1.5000773101738115e-10,0.00045998450208693597,258.4113616709999,0.0010728291187477239,4.929559105564343e-07,3.8763146456886665e-05,,[272],[3.2763963749999903],7.288758410314402e-10,1.475928909779974e-10,4.101408833710328e-22,7.288758410314402e-10,1
our,5000,5000,57,0.00045949154617637954,0.0001,0.0,1.789052384471917e-18,1.3956252799550191e-10,0.00045996759658379987,262.79623075399985,0.0010360373577745754,4.7605040742033054e-07,3.675233200119565e-05,,[270],[3.0550064589999693],7.095603898982593e-10,1.3731583591959747e-10,4.575284004596055e-22,7.095603898982593e-10,1
our,5000,5000,58,0.00045949154617637954,0.0001,0.0,1.76318387655226e-18,1.3037928895571494e-10,0.0004599515566464637,267.20183550399986,0.0010011293437541585,4.6001047008414247e-07,3.487188544436047e-05,,[264],[3.188542250000012],6.912739618640617e-10,1.2828042961599089e-10,4.364653472574399e-22,6.912739618640617e-10,1
our,5000,5000,59,0.00045949154617637954,0.0001,0.0,1.8342467608702704e-18,1.2207538326142972e-10,0.00045993632215690823,271.57299325399987,0.0009679742407229424,4.447759805286918e-07,3.312194368147447e-05,,[262],[3.141721500000017],6.7379017944881e-10,1.2011020105832938e-10,4.275962586541675e-22,6.7379017944881e-10,1
our,5000,5000,60,0.00045949154617637954,0.0001,0.0,1.7773752234165257e-18,1.1423735687293022e-10,0.00045992182990619034,276.01049450399984,0.000936434485881991,4.302837298107991e-07,3.150925469406313e-05,,[261],[3.16811020800003],6.573273817844608e-10,1.1239835203298529e-10,4.2916251727105225e-22,6.573273817844608e-10,1
our,5000,5000,61,0.00045949154617637954,0.0001,0.0,1.7965823968443536e-18,1.0690290290355396e-10,0.00045990804147878154,280.5093925869998,0.0009064264748020566,4.164953024020021e-07,2.997993683319921e-05,,[262],[3.2169111249999673],6.415855280213464e-10,1.0518196886564131e-10,4.343564995068043e-22,6.415855280213464e-10,1
our,5000,5000,62,0.00045949154617637954,0.0001,0.0,1.7943257756128263e-18,1.0016064345726001e-10,0.00045989489615733803,284.69691421199985,0.0008778180671982746,4.033499809584962e-07,2.8582499669365754e-05,,[263],[2.8508714589999613],6.265833394549303e-10,9.85482470124194e-11,4.516465883242699e-22,6.265833394549303e-10,1
our,5000,5000,63,0.00045949154617637954,0.0001,0.0,1.7369558827897887e-18,9.416496962076072e-11,0.000459882364356102,289.18916229599984,0.0008505448750354769,3.908181797224468e-07,2.7249272259290385e-05,,[266],[3.262435958000026],6.121843886006642e-10,9.26490921562771e-11,4.6287949361321e-22,6.121843886006642e-10,1
our,5000,5000,64,0.00045949154617637954,0.0001,0.0,1.816535167217784e-18,8.907328173233953e-11,0.00045987041150088813,293.7322749209998,0.0008245316538710944,3.788653245085966e-07,2.5991114555101183e-05,,[268],[3.2678811669999845],5.982064071738731e-10,8.763937078849864e-11,4.622796769449085e-22,5.982064071738731e-10,1
our,5000,5000,65,0.00045949154617637954,0.0001,0.0,1.749128208254599e-18,8.398316679925113e-11,0.0004598589922677158,298.4318631299998,0.0007996797642827985,3.674460913362658e-07,2.4831415300370347e-05,,[270],[3.4299482499999954],5.848250832449315e-10,8.26311970544546e-11,4.459986153099542e-22,5.848250832449315e-10,1
our,5000,5000,66,0.00045949154617637954,0.0001,0.0,1.78712459728213e-18,7.953935136043484e-11,0.00045984807373702864,302.9877075049998,0.0007759175628276934,3.56527560649105e-07,2.3743214486940815e-05,,[272],[3.2397724169999833],5.718460153684604e-10,7.82589186182748e-11,4.476280034067134e-22,5.718460153684604e-10,1
our,5000,5000,67,0.00045949154617637954,0.0001,0.0,1.7394243732981705e-18,7.524937363360014e-11,0.0004598376267841993,307.57575437999975,0.0007531816650374597,3.460806078197623e-07,2.271827028532236e-05,,[273],[3.317772375000004],5.593334452305598e-10,7.403800139860572e-11,4.4452689086844205e-22,5.593334452305598e-10,1
our,5000,5000,68,0.00045949154617637954,0.0001,0.0,1.746801057360225e-18,7.151459795712214e-11,0.0004598276317462351,312.0897760879998,0.0007314292779752947,3.360855698555411e-07,2.1736015893522955e-05,,[273],[3.239541667000026],5.47369983603138e-10,7.036334852900246e-11,4.419845534972697e-22,5.47369983603138e-10,1
our,5000,5000,69,0.00045949154617637954,0.0001,0.0,1.7591114725579538e-18,6.809454814053374e-11,0.00045981805053980066,316.1269142129998,0.0007105775201700806,3.2650436342112786e-07,2.0836517366361322e-05,,[274],[2.7632692500000076],5.357483387399127e-10,6.699835502969699e-11,4.538220434665439e-22,5.357483387399127e-10,1
our,5000,5000,70,0.00045949154617637954,0.0001,0.0,1.751189346502788e-18,6.57671983027816e-11,0.0004598088814230408,320.6275136299998,0.0006906226007898337,3.173352466612732e-07,1.99407499316102e-05,,[273],[3.199420790999966],5.245677857084105e-10,6.470847111143939e-11,4.522069323019106e-22,5.245677857084105e-10,1
our,5000,5000,71,0.00045949154617637954,0.0001,0.0,1.746581582630275e-18,6.277140875133517e-11,0.00045980007199450986,325.1040216299998,0.0006714504775935461,3.0852581813032697e-07,1.9158891632719957e-05,,[275],[3.217221250000023],5.138003056139438e-10,6.176090809144795e-11,4.4205112062905445e-22,5.138003056139438e-10,1
our,5000,5000,72,0.00045949154617637954,0.0001,0.0,1.7736574545573074e-18,6.05732638476905e-11,0.0004597916298267545,329.13623958799985,0.0006530776308553619,3.000836503749371e-07,1.836051855922866e-05,,[275],[2.8133366669999873],5.03314141709201e-10,5.959814915284446e-11,4.546537440293715e-22,5.03314141709201e-10,1
our,5000,5000,73,0.00045949154617637954,0.0001,0.0,1.7503390599830705e-18,5.855594508336278e-11,0.00045978351675362525,333.5533416709998,0.0006354209988743567,2.919705772457177e-07,1.764510835544424e-05,,[278],[3.1696794169999976],4.931075078898371e-10,5.7613305395579777e-11,4.651172989868541e-22,4.931075078898371e-10,1
our,5000,5000,74,0.00045949154617637954,0.0001,0.0,1.7556662323403885e-18,5.641508728922152e-11,0.00045977572223142435,337.7093795049998,0.0006184576352047319,2.8417605504480956e-07,1.6952591636913427e-05,,[278],[2.907220042000006],4.831123460136459e-10,5.550691135263891e-11,4.39306193319324e-22,4.831123460136459e-10,1
our,5000,5000,75,0.00045949154617637954,0.0001,0.0,1.733571761639705e-18,5.409490532794694e-11,0.000459768228516546,342.0568369219998,0.0006021489241072295,2.766823401664743e-07,1.6298631084664702e-05,,[278],[3.1071764579999694],4.736325933277347e-10,5.322407992163862e-11,4.721771404398558e-22,4.736325933277347e-10,1
our,5000,5000,76,0.00045949154617637954,0.0001,0.0,1.7320658851573793e-18,5.201152355753259e-11,0.00045976101972328837,346.70814437999974,0.0005864602932333231,2.6947354690883257e-07,1.5679189666717706e-05,,[277],[3.334838624999975],4.646532905871234e-10,5.1174236647423084e-11,4.456708870480444e-22,4.646532905871234e-10,1
our,5000,5000,77,0.00045949154617637954,0.0001,0.0,1.736339258157662e-18,5.034394151910667e-11,0.00045975408762961736,351.46085817099976,0.0005713738488173394,2.6254145323782816e-07,1.5077602001092988e-05,,[273],[3.4784606249999683],4.5597738013063366e-10,4.953349951790977e-11,4.689302310245761e-22,4.5597738013063366e-10,1
our,5000,5000,78,0.00045949154617637954,0.0001,0.0,1.720490002142341e-18,4.8443387501908316e-11,0.00045974741206895636,355.8260707959998,0.000556845701963386,2.5586589257682764e-07,1.4519850591036883e-05,,[272],[3.117559374999985],4.474875658633897e-10,4.766354081674356e-11,4.485904675773505e-22,4.474875658633897e-10,1
our,5000,5000,79,0.00045949154617637954,0.0001,0.0,1.7169595065006683e-18,4.6592427321952055e-11,0.00045974098182878216,360.47177971299976,0.0005428514506486202,2.494356524026251e-07,1.398646301295133e-05,,[272],[3.401987874999975],4.3950303562668977e-10,4.584237758607484e-11,4.42988949039968e-22,4.3950303562668977e-10,1
our,5000,5000,80,0.00045949154617637954,0.0001,0.0,1.7813477495660284e-18,4.4920527405303145e-11,0.000459734788251085,364.9770224209998,0.000529372252285361,2.43242074705473e-07,1.3471885130872929e-05,,[272],[3.2602134169999886],4.317464435548459e-10,4.419739208799078e-11,4.410039317863027e-22,4.317464435548459e-10,1
our,5000,5000,81,0.00045949154617637954,0.0001,0.0,1.7303263406438176e-18,4.3222003126590745e-11,0.00045972881741203575,369.24650258699984,0.0005163778041851831,2.3727123565621356e-07,1.2987572839492075e-05,,[272],[3.0419818330000226],4.2424323524486636e-10,4.252621082958995e-11,4.238930620500566e-22,4.2424323524486636e-10,1
our,5000,5000,82,0.00045949154617637954,0.0001,0.0,1.7159405365081664e-18,4.168294759574025e-11,0.00045972306225386904,373.67956762899985,0.0005038527464020748,2.3151607748950458e-07,1.2518593459306406e-05,,[272],[3.191623084000014],4.1697939624837714e-10,4.10119311745795e-11,4.414291261177992e-22,4.1697939624837714e-10,1
our,5000,5000,83,0.00045949154617637954,0.0001,0.0,1.7409684387751106e-18,4.075890831015202e-11,0.00045971750849446697,377.32802579499986,0.000491765996497124,2.2596231808743152e-07,1.2080663029704952e-05,,[210],[2.388889875000018],4.099235184964266e-10,4.0102767169416274e-11,4.637132258311087e-22,4.099235184964266e-10,1
our,5000,5000,84,0.00045949154617637954,0.0001,0.0,1.7159405659102447e-18,3.8933550154992944e-11,0.000459712148598985,381.86017108699986,0.0004801011562479694,2.2060242260544703e-07,1.1659106696931472e-05,,[277],[3.2637675000000286],4.0300923389320105e-10,3.830679381948955e-11,4.505033285142763e-22,4.0300923389320105e-10,1
our,5000,5000,85,0.00045949154617637954,0.0001,0.0,1.703988655429699e-18,3.64333174847126e-11,0.0004597069663948451,385.93165208699986,0.0004688230289722911,2.154202184655716e-07,1.127271523206133e-05,,[207],[2.780718167000032],3.961710491744182e-10,3.5846810154503934e-11,4.491476656598955e-22,3.961710491744182e-10,1
our,5000,5000,86,0.00045949154617637954,0.0001,0.0,1.6999904629204182e-18,3.6637774730153674e-11,0.0004597019810210544,389.6114961289999,0.0004579732672471951,2.1043484467486197e-07,1.0844677490546606e-05,,[209],[2.4304526669999973],3.8949794132333375e-10,3.604797602596525e-11,4.403145062983106e-22,3.8949794132333375e-10,1
our,5000,5000,87,0.00045949154617637954,0.0001,0.0,1.6892716539222513e-18,3.439354913198034e-11,0.0004596971441616685,393.2273905039999,0.0004474467201841692,2.0559798528897374e-07,1.0521728392696864e-05,,[211],[2.337014915999987],3.8296390472185433e-10,3.38398782046413e-11,4.464183292518567e-22,3.8296390472185433e-10,1
our,5000,5000,88,0.00045949154617637954,0.0001,0.0,1.7219145033720475e-18,3.4024149704209745e-11,0.00045969248702266286,397.1606914209999,0.0004373113019280368,2.0094084628331918e-07,1.0130885224765988e-05,,[213],[2.617843292000032],3.765750433364471e-10,3.347642540723873e-11,4.2354749614475485e-22,3.765750433364471e-10,1
our,5000,5000,89,0.00045949154617637954,0.0001,0.0,1.7132867683746883e-18,3.3929372689784755e-11,0.00045968797630537066,400.93068079599993,0.00042749454397083,1.9643012899112295e-07,9.812466854551512e-06,,[217],[2.5419663750000154],3.703250010641566e-10,3.3383174123039066e-11,4.359255783863666e-22,3.703250010641566e-10,1
our,5000,5000,90,0.00045949154617637954,0.0001,0.0,1.668028924508825e-18,3.186651869731018e-11,0.0004596836148942314,404.4813400459999,0.0004180027237718629,1.9206871785187136e-07,9.487764231523646e-06,,[220],[2.3276862499999993],3.641867437803889e-10,3.1353528168461246e-11,4.1374239964909737e-22,3.641867437803889e-10,1
our,5000,5000,91,0.00045949154617637954,0.0001,0.0,1.6351413130576153e-18,3.111828265819263e-11,0.000459679391974499,408.6371893789999,0.00040881230499795255,1.8784579811943888e-07,9.186578758966931e-06,,[226],[2.925586083999974],3.5819758479040935e-10,3.061733731084145e-11,4.340363103171613e-22,3.5819758479040935e-10,1
our,5000,5000,92,0.00045949154617637954,0.0001,0.0,1.7314365486425272e-18,3.0417806856924376e-11,0.00045967530868337166,412.80878646299993,0.0003999257625549148,1.8376250699212544e-07,8.882910999716872e-06,,[233],[2.9327323330000468],3.5231756108120304e-10,2.992813784179987e-11,4.413326274584881e-22,3.5231756108120304e-10,1
our,5000,5000,93,0.00045949154617637954,0.0001,0.0,1.7100173870259709e-18,2.914759980528479e-11,0.000459671352805485,417.1442017129999,0.00039131651191782465,1.798066291054689e-07,8.605808952382457e-06,,[240],[2.9893345830000158],3.4669448347428913e-10,2.8678378715249232e-11,4.5763500566063115e-22,3.4669448347428913e-10,1
our,5000,5000,94,0.00045949154617637954,0.0001,0.0,1.6661211959312622e-18,2.846427243919674e-11,0.0004596675259899756,421.7387461289999,0.00038298814213336737,1.7597981359607998e-07,8.325112030656144e-06,,[240],[3.042840124999998],3.411513184827878e-10,2.8006051624096648e-11,4.294211293931111e-22,3.411513184827878e-10,1
our,5000,5000,95,0.00045949154617637954,0.0001,0.0,1.6619674849044355e-18,2.7683543751236988e-11,0.0004596638162287267,427.1255107119999,0.0003749145197136097,1.7227005234718125e-07,8.070531501891722e-06,,[304],[3.944754166999985],3.3575541700358647e-10,2.7237891187671628e-11,4.448374989560621e-22,3.3575541700358647e-10,1
our,5000,5000,96,0.00045949154617637954,0.0001,0.0,1.6607266594335806e-18,2.699063714468913e-11,0.0004596602211334057,431.2972982959999,0.0003670904468859112,1.6867495702618546e-07,7.821140568538648e-06,,[235],[2.841329209000037],3.3052894532204974e-10,2.6556139063667414e-11,4.324130920742367e-22,3.3052894532204974e-10,1
our,5000,5000,97,0.00045949154617637954,0.0001,0.0,1.6804013415200273e-18,2.6490765565756377e-11,0.00045965673748183116,435.5384786709999,0.00035950891115678796,1.6519130545161916e-07,7.578753641062317e-06,,[244],[2.9863192079999976],3.256168812292525e-10,2.6064314469347854e-11,4.469792322883265e-22,3.256168812292525e-10,1
our,5000,5000,98,0.00045949154617637954,0.0001,0.0,1.6847711906166533e-18,2.5717295834840685e-11,0.00045965336176625614,440.8638848369999,0.0003521622785514459,1.6181558987660074e-07,7.343992374639887e-06,,[319],[4.044024332999982],3.208639048064158e-10,2.5303296134522207e-11,4.495453211820657e-22,3.208639048064158e-10,1
our,5000,5000,99,0.00045949154617637954,0.0001,0.0,1.7042173123030034e-18,2.5105129673620768e-11,0.0004596500788326302,445.21545175399984,0.0003450175690278966,1.5853265625064396e-07,7.142194312126497e-06,,[240],[3.075231457999962],3.1617483197959253e-10,2.47009846877683e-11,4.57966121138612e-22,3.1617483197959253e-10,1
our,5000,5000,100,0.00045949154617637954,0.0001,0.0,1.7126400017274613e-18,2.4712171190380346e-11,0.0004596469001357308,449.90032125399983,0.0003380997118315141,1.5535395935125079e-07,6.915471237307494e-06,,[305],[3.4521679160000076],3.116244081483394e-10,2.4314352091018582e-11,4.274028138438493e-22,3.116244081483394e-10,1
our,5000,5000,101,0.00045949154617637954,0.0001,0.0,1.6632984324647418e-18,2.3848335207043778e-11,0.000459643811240826,453.85493637899987,0.0003313772923866285,1.5226506444647415e-07,6.720147364998008e-06,,[247],[2.690470416999972],3.071863419814372e-10,2.3464422229092384e-11,4.426385381639454e-22,3.071863419814372e-10,1
our,5000,5000,102,0.00045949154617637954,0.0001,0.0,1.6443850409348441e-18,2.3397362928536627e-11,0.00045964081484403544,458.96742083799984,0.00032485617830845215,1.4926866765590033e-07,6.518953844902069e-06,,[315],[3.8042775830000437],3.028170121237003e-10,2.3020709749179646e-11,4.354767306759138e-22,3.028170121237003e-10,1
our,5000,5000,103,0.00045949154617637954,0.0001,0.0,1.6784445860557947e-18,2.2944504077582103e-11,0.0004596379030440225,462.8715023789998,0.00031851917377128134,1.4635686764298897e-07,6.334946590631613e-06,,[247],[2.669737457999986],2.9862661505571284e-10,2.2575141067058803e-11,4.383235394608967e-22,2.9862661505571284e-10,1
our,5000,5000,104,0.00045949154617637954,0.0001,0.0,1.638436556991179e-18,2.2526757285709713e-11,0.00045963507693883634,466.9340574209998,0.0003123686684797138,1.435307624568006e-07,6.148546861501297e-06,,[252],[2.791251124999974],2.9456607405171967e-10,2.2164119206444927e-11,4.29782454374871e-22,2.9456607405171967e-10,1
our,5000,5000,105,0.00045949154617637954,0.0001,0.0,1.651883893601579e-18,2.221255403010007e-11,0.0004596323292641819,471.6041785459998,0.0003063888530134887,1.407830878023754e-07,5.977948142523581e-06,,[321],[3.444389417000025],2.90557221268063e-10,2.18549740274891e-11,4.340648374327883e-22,2.90557221268063e-10,1
our,5000,5000,106,0.00045949154617637954,0.0001,0.0,1.6976075719905051e-18,2.1723972425318037e-11,0.00045962966040128024,475.6482750869998,0.000300580557030934,1.381142249007013e-07,5.8065169304923375e-06,,[250],[2.7506622079999943],2.8658429797448845e-10,2.137425766014338e-11,4.6005662478533395e-22,2.8658429797448845e-10,1
our,5000,5000,107,0.00045949154617637954,0.0001,0.0,1.6694098235776785e-18,2.1320988452058298e-11,0.00045962706716439963,479.9891441279998,0.00029493684736492815,1.3552098802009768e-07,5.642013786359214e-06,,[254],[3.080275959000005],2.826352306599504e-10,2.0977760964754304e-11,4.368823484471525e-22,2.826352306599504e-10,1
our,5000,5000,108,0.00045949154617637954,0.0001,0.0,1.6687358091118476e-18,2.1215358108018952e-11,0.00045962453875206667,484.1055515029998,0.0002894342165679002,1.3299257568713356e-07,5.501008346968729e-06,,[268],[2.8625121660001014],2.7870328679554284e-10,2.087383106896806e-11,4.499744081914975e-22,2.7870328679554284e-10,1
our,5000,5000,109,0.00045949154617637954,0.0001,0.0,1.6752112381024166e-18,2.048267108014213e-11,0.000459622082401229,488.5675713779998,0.00028408841454363146,1.305362248494495e-07,5.344255213947754e-06,,[264],[3.214800500000024],2.7485487017794373e-10,2.0152938912990535e-11,4.36119489547414e-22,2.7485487017794373e-10,1
our,5000,5000,110,0.00045949154617637954,0.0001,0.0,1.6899627451291082e-18,2.0049110790857462e-11,0.00045961969142055273,493.0410940869998,0.0002788848788177883,1.281452441731978e-07,5.2020578814672316e-06,,[264],[3.231617459000063],2.7109941826956667e-10,1.972635812228871e-11,4.424461479198202e-22,2.7109941826956667e-10,1
our,5000,5000,111,0.00045949154617637954,0.0001,0.0,1.6345600648000325e-18,1.99185269588038e-11,0.00045961736984579397,497.43031054499977,0.000273832392481341,1.2582366941442857e-07,5.051077667264231e-06,,[262],[3.1588466670000344],2.6743060576749543e-10,1.9597876442330814e-11,4.426258798848533e-22,2.6743060576749543e-10,1
our,5000,5000,112,0.00045949154617637954,0.0001,0.0,1.6711051006355338e-18,1.9489387094323732e-11,0.0004596151028647627,501.8570364609998,0.0002688987194896488,1.2355668838314729e-07,4.932322362059289e-06,,[266],[3.1504649579999295],2.6382482313975746e-10,1.9175644915975813e-11,4.395606097203403e-22,2.6382482313975746e-10,1
our,5000,5000,113,0.00045949154617637954,0.0001,0.0,1.658571095087425e-18,1.906533982087422e-11,0.00045961289652289274,506.25833058599983,0.0002640970166328592,1.2135034651320148e-07,4.800412032141159e-06,,[267],[3.1475055419999762],2.602633117077556e-10,1.8758423999591848e-11,4.412038001356058e-22,2.602633117077556e-10,1
our,5000,5000,114,0.00045949154617637954,0.0001,0.0,1.7042095855671586e-18,1.8850553864654254e-11,0.0004596107479888176,510.36476758599986,0.00025942112195529154,1.1920181243804803e-07,4.6746601137778074e-06,,[271],[2.8843606660000205],2.567580590086397e-10,1.854709569001089e-11,4.643917065818553e-22,2.567580590086397e-10,1
our,5000,5000,115,0.00045949154617637954,0.0001,0.0,1.6681389125068958e-18,1.8954508034884052e-11,0.0004596086619610305,514.4351093359999,0.0002548812608752706,1.1711578465096323e-07,4.53868364961638e-06,,[272],[2.816559292000079],2.5332856463759497e-10,1.8649376395207723e-11,4.274978738660773e-22,2.5332856463759497e-10,1
our,5000,5000,116,0.00045949154617637954,0.0001,0.0,1.6772692106134641e-18,1.8277286454775866e-11,0.00045960662155263325,518.8679941699999,0.0002504406821220084,1.1507537625370882e-07,4.439447221356793e-06,,[275],[3.1188063750000765],2.499391010727577e-10,1.7983056798457918e-11,4.437716646576983e-22,2.499391010727577e-10,1
our,5000,5000,117,0.00045949154617637954,0.0001,0.0,1.6537666239427651e-18,1.7936696745962072e-11,0.000459604637339072,523.0701262119999,0.0002461224012357473,1.1309116269245679e-07,4.317199683827448e-06,,[277],[2.972000625000078],2.4657972933984946e-10,1.7647949938163113e-11,4.383872852160326e-22,2.4657972933984946e-10,1
our,5000,5000,118,0.00045949154617637954,0.0001,0.0,1.6616766303684437e-18,1.7593749147905726e-11,0.000459602699482438,527.723101545,0.00024190500779264904,1.1115330605845344e-07,4.216355703508056e-06,,[280],[3.400763541999936],2.432751839063215e-10,1.7310523146171762e-11,4.2211637539841126e-22,2.432751839063215e-10,1
our,5000,5000,119,0.00045949154617637954,0.0001,0.0,1.6036094794769641e-18,1.8060942550404766e-11,0.0004596008165890954,532.1678719619999,0.0002378072319831341,1.0927041271585527e-07,4.096784776761564e-06,,[282],[3.22302804200001],2.4005422601938757e-10,1.777019562073703e-11,4.460605765091267e-22,2.4005422601938757e-10,1
our,5000,5000,120,0.00045949154617637954,0.0001,0.0,1.6653337182064417e-18,1.7154111689778428e-11,0.0004595989753398421,536.647454587,0.00023380008697993903,1.0742916346258421e-07,4.006192301693013e-06,,[283],[3.259375124999906],2.3689627862385813e-10,1.6877963017522743e-11,4.84399428823508e-22,2.3689627862385813e-10,1
our,5000,5000,121,0.00045949154617637954,0.0001,0.0,1.6385182208627491e-18,1.7075724072646298e-11,0.0004595971838650933,541.664158003,0.00022990126715675003,1.0563768871376398e-07,3.897908491844576e-06,,[285],[3.723831415999939],2.337886667315419e-10,1.6800837292395504e-11,4.610556053605298e-22,2.337886667315419e-10,1
our,5000,5000,122,0.00045949154617637954,0.0001,0.0,1.6369153219278139e-18,1.7380665333305153e-11,0.0004595954380546496,546.2710877940001,0.0002261018274103176,1.0389187827007174e-07,3.798566451191938e-06,,[286],[3.358130416999984],2.3071778162007985e-10,1.7100869576957558e-11,4.454519701483937e-22,2.3071778162007985e-10,1
our,5000,5000,123,0.00045949154617637954,0.0001,0.0,1.647673536205041e-18,1.650838136809427e-11,0.00045959372308976043,550.9402970440001,0.00022236951741801098,1.0217691338089722e-07,3.7314663009570493e-06,,[288],[3.370391959000017],2.276986104915024e-10,1.6242627729646985e-11,4.383097473313177e-22,2.276986104915024e-10,1
our,5000,5000,124,0.00045949154617637954,0.0001,0.0,1.666863180426246e-18,1.610200758641922e-11,0.0004595920586461215,555.3972781280002,0.00021874715776240894,1.005124697419377e-07,3.6215543323128526e-06,,[289],[3.216338750000091],2.2478512088839666e-10,1.584279579533066e-11,4.513314847742533e-22,2.2478512088839666e-10,1
our,5000,5000,125,0.00045949154617637954,0.0001,0.0,1.6740312863064853e-18,1.6142167895816808e-11,0.0004595904353466303,560.1197273780001,0.00021521434088101024,9.88891702507458e-08,3.5320442567564456e-06,,[288],[3.461116250000032],2.2193535683487067e-10,1.5882309599895003e-11,4.560696664707622e-22,2.2193535683487067e-10,1
our,5000,5000,126,0.00045949154617637954,0.0001,0.0,1.6380611344765911e-18,1.5644820339836548e-11,0.000459588847168445,565.0339478360002,0.000211757959151076,9.730099206548253e-08,3.4556380270739104e-06,,[291],[3.6643120419998922],2.1919595368713768e-10,1.5392968396544203e-11,4.462394551409688e-22,2.1919595368713768e-10,1
our,5000,5000,127,0.00045949154617637954,0.0001,0.0,1.6496621218168911e-18,1.5583041328462287e-11,0.00045958729959274375,569.7291696280001,0.00020838994136239855,9.575341636421358e-08,3.3673047350989117e-06,,[291],[3.484760667000046],2.165389905438078e-10,1.5332183910113748e-11,4.543504102498332e-22,2.165389905438078e-10,1
our,5000,5000,128,0.00045949154617637954,0.0001,0.0,1.6254801884136876e-18,1.5328414844110443e-11,0.00045958579303549354,574.2734417950002,0.00020511119279184082,9.424685911400442e-08,3.2780654546898353e-06,,[290],[3.317303165999988],2.1390933524674182e-10,1.5081656429362118e-11,4.357685949386692e-22,2.1390933524674182e-10,1
our,5000,5000,129,0.00045949154617637954,0.0001,0.0,1.6278469412340517e-18,1.5216022355789017e-11,0.0004595843172415845,578.8995742950002,0.00020189939505292187,9.277106520494275e-08,3.2111390983482697e-06,,[290],[3.401992957999937],2.1131248648370748e-10,1.4971073246995016e-11,4.396949036021898e-22,2.1131248648370748e-10,1
our,5000,5000,130,0.00045949154617637954,0.0001,0.0,1.6157489047070259e-18,1.531390140544014e-11,0.00045958287638993956,583.4190295030002,0.00019876364281349833,9.133021356002398e-08,3.135119260741386e-06,,[290],[3.268841916999918],2.0877220071294627e-10,1.5067376629535444e-11,4.538424079933052e-22,2.0877220071294627e-10,1
our,5000,5000,131,0.00045949154617637954,0.0001,0.0,1.6390706795982332e-18,1.52807918875759e-11,0.00045958146275174646,588.1486222110001,0.00019568711571552036,8.991657536692056e-08,3.075915717764905e-06,,[291],[3.5004002079999736],2.0628145807878475e-10,1.5034800112129784e-11,4.394910488744374e-22,2.0628145807878475e-10,1
our,5000,5000,132,0.00045949154617637954,0.0001,0.0,1.6530337222089623e-18,1.5066347979533223e-11,0.0004595800869331521,593.1362294200001,0.00019269289611385798,8.854075677256108e-08,2.9936337861012738e-06,,[291],[3.4971466669999245],2.0387094135712777e-10,1.482380834439902e-11,4.357247942334826e-22,2.0387094135712777e-10,1
our,5000,5000,133,0.00045949154617637954,0.0001,0.0,1.6338877360543727e-18,1.4621929782286796e-11,0.00045957874874336845,598.0926103370001,0.00018978056879296768,8.720256698891348e-08,2.9117662442198975e-06,,[290],[3.3916717500000004],2.0152556495479375e-10,1.4386544437465917e-11,4.286456170241361e-22,2.0152556495479375e-10,1
our,5000,5000,134,0.00045949154617637954,0.0001,0.0,1.6581539670031458e-18,1.415227822726652e-11,0.0004595774297749225,602.8806340450001,0.00018691007322685797,8.588359854294928e-08,2.86995090519453e-06,,[291],[3.477531874999954],1.9924656238192333e-10,1.3924453381974099e-11,4.512222667474341e-22,1.9924656238192333e-10,1
our,5000,5000,135,0.00045949154617637954,0.0001,0.0,1.6299319954689017e-18,1.4584485252797217e-11,0.0004595761500702414,607.678503587,0.00018412502812267876,8.460389386185903e-08,2.7845246484732443e-06,,[290],[3.4465789160000213],1.970082076663306e-10,1.4349702693902463e-11,4.450500074759176e-22,1.970082076663306e-10,1
our,5000,5000,136,0.00045949154617637954,0.0001,0.0,1.6549343409820597e-18,1.3917682886629826e-11,0.00045957488734599136,612.479269254,0.00018137693784650444,8.334116961182742e-08,2.7475843771236153e-06,,[291],[3.51326691700001],1.9480654208413906e-10,1.3693634581504902e-11,4.366343827575374e-22,1.9480654208413906e-10,1
our,5000,5000,137,0.00045949154617637954,0.0001,0.0,1.6273559783845387e-18,1.4045730848216916e-11,0.00045957366625552066,617.3048073369999,0.00017871945593879706,8.21200791411192e-08,2.6569999891854786e-06,,[289],[3.558117415999959],1.9264059866901659e-10,1.3819621213702466e-11,4.559962059478396e-22,1.9264059866901659e-10,1
our,5000,5000,138,0.00045949154617637954,0.0001,0.0,1.659733277284881e-18,1.3913540177905749e-11,0.0004595724652232914,622.0098374199999,0.00017610562715515425,8.091904691188284e-08,2.613361725057137e-06,,[286],[3.458106791999967],1.9051882003997546e-10,1.3689558562536283e-11,4.450129930627671e-22,1.9051882003997546e-10,1
our,5000,5000,139,0.00045949154617637954,0.0001,0.0,1.6163492674183691e-18,1.3674273948883088e-11,0.000459571290692314,626.687847295,0.00017354947353886304,7.974451593446884e-08,2.555703542516051e-06,,[283],[3.363857375000066],1.8843603980221198e-10,1.3454144066127652e-11,4.735813276225401e-22,1.8843603980221198e-10,1
our,5000,5000,140,0.00045949154617637954,0.0001,0.0,1.64179281917324e-18,1.374103876200811e-11,0.0004595701356989417,631.413173878,0.00017103583997600378,7.85895225621498e-08,2.5131973987737896e-06,,[284],[3.47659529200007],1.8639108537744886e-10,1.3519834092354273e-11,4.707880366431156e-22,1.8639108537744886e-10,1
our,5000,5000,141,0.00045949154617637954,0.0001,0.0,1.6230993860844552e-18,1.3316424688215421e-11,0.0004595690138443201,635.667370461,0.0001685943268928908,7.746766794058035e-08,2.4410955682820224e-06,,[278],[3.008962790999931],1.8437756611504755e-10,1.3102055500037946e-11,4.3245980505328e-22,1.8437756611504755e-10,1
our,5000,5000,142,0.00045949154617637954,0.0001,0.0,1.6197612096365358e-18,1.3511993201232955e-11,0.00045956791849278625,640.0695592530001,0.00016621049297258815,7.63723164067128e-08,2.3834320871741978e-06,,[277],[3.181812333000039],1.8240385846880627e-10,1.3294475730813797e-11,4.455664441636654e-22,1.8240385846880627e-10,1
our,5000,5000,143,0.00045949154617637954,0.0001,0.0,1.6091404890739221e-18,1.3445461294771117e-11,0.0004595668415506041,644.4454092530001,0.0001638667236669388,7.529537422457924e-08,2.343379811335678e-06,,[274],[3.14336804200002],1.8044760203126635e-10,1.3229014861894695e-11,4.6689837230609105e-22,1.8044760203126635e-10,1
our,5000,5000,144,0.00045949154617637954,0.0001,0.0,1.5777538949393645e-18,1.3055455071309279e-11,0.00045956578459435915,649.0898254610001,0.00016156645012815112,7.423841797961307e-08,2.2998966622568786e-06,,[273],[3.4281189160000167],1.7851753773569706e-10,1.2845286999138916e-11,4.559276486657706e-22,1.7851753773569706e-10,1
our,5000,5000,145,0.00045949154617637954,0.0001,0.0,1.6387456755644928e-18,1.3070836984260049e-11,0.0004595647531366637,653.6070575860001,0.00015932166955701175,7.320696028415355e-08,2.244417948498814e-06,,[269],[3.2461731249999275],1.7662453624679186e-10,1.2860421292456858e-11,4.391421971950784e-22,1.7662453624679186e-10,1
our,5000,5000,146,0.00045949154617637954,0.0001,0.0,1.5925040839141433e-18,1.2829540794532731e-11,0.00045956373985389025,658.2609135030001,0.00015711644340677056,7.219367751071064e-08,2.2048748658963947e-06,,[269],[3.328960334000044],1.7475166142445764e-10,1.2623009513861902e-11,4.380776467612235e-22,1.7475166142445764e-10,1
our,5000,5000,147,0.00045949154617637954,0.0001,0.0,1.6180444103616936e-18,1.2873003848654412e-11,0.00045956275351726324,662.6594956280001,0.00015496986065629596,7.120734088369952e-08,2.146245540008672e-06,,[268],[3.1066871250000077],1.7290639583663208e-10,1.266577289522262e-11,4.330281670087813e-22,1.7290639583663208e-10,1
our,5000,5000,148,0.00045949154617637954,0.0001,0.0,1.6125243245173155e-18,1.2768215783788558e-11,0.0004595617788140692,667.2048207950002,0.00015284859596245,7.023263768967487e-08,2.1209360126876265e-06,,[264],[3.2451977089999673],1.7109936205609082e-10,1.256267171951222e-11,4.457751577618236e-22,1.7109936205609082e-10,1
our,5000,5000,149,0.00045949154617637954,0.0001,0.0,1.6278095463765035e-18,1.2354627905025328e-11,0.00045956082851420155,671.8648850860002,0.00015078044068175415,6.928233782201509e-08,2.067839214375254e-06,,[264],[3.378516958999967],1.6931756865308343e-10,1.2155741821392171e-11,4.492220978635055e-22,1.6931756865308343e-10,1
our,5000,5000,150,0.00045949154617637954,0.0001,0.0,1.581736711474861e-18,1.2524496174064426e-11,0.0004595598988437904,676.0829894190002,0.00014875718167108173,6.835266741088593e-08,2.0229539887785134e-06,,[262],[2.9323729169999524],1.6762499937411423e-10,1.2322875533387346e-11,4.737305068345225e-22,1.6762499937411423e-10,1
our,5000,5000,151,0.00045949154617637954,0.0001,0.0,1.611779872363964e-18,1.2283856109153034e-11,0.00045955898660388875,680.1987418360002,0.0001467718570024022,6.744042750921227e-08,1.985029381303224e-06,,[262],[2.8888827089999722],1.6599194582924667e-10,1.208610931724286e-11,4.5570048234266e-22,1.6599194582924667e-10,1
our,5000,5000,152,0.00045949154617637954,0.0001,0.0,1.5444145109897205e-18,1.2500845221114017e-11,0.0004595580964892347,684.7366503360001,0.00014483468392178977,6.65503128551904e-08,1.9368887998464834e-06,,[260],[3.240996207999956],1.6437179657433513e-10,1.2299605315934813e-11,4.526646058196281e-22,1.6437179657433513e-10,1
our,5000,5000,153,0.00045949154617637954,0.0001,0.0,1.6233752573415832e-18,1.2415541679961019e-11,0.0004595572192828306,689.2248267940001,0.00014292560330552998,6.567310645104983e-08,1.908804155213294e-06,,[260],[3.268526749999978],1.6276489036332823e-10,1.2215675000050143e-11,4.642987730193177e-22,1.6276489036332823e-10,1
our,5000,5000,154,0.00045949154617637954,0.0001,0.0,1.618787905893534e-18,1.2346296109155541e-11,0.00045955635930554323,693.6328874600001,0.00014105401873665374,6.481312916369704e-08,1.871317109749352e-06,,[260],[3.209749084000009],1.6117840285675728e-10,1.214754415163795e-11,4.264761028680537e-22,1.6117840285675728e-10,1
our,5000,5000,155,0.00045949154617637954,0.0001,0.0,1.6062952188735924e-18,1.2257142243901378e-11,0.0004595555156549587,698.0593500010002,0.00013921796627479753,6.396947857913778e-08,1.8357935158032243e-06,,[260],[3.232674125000017],1.5961349327319855e-10,1.2059825494569534e-11,4.345102817577322e-22,1.5961349327319855e-10,1
our,5000,5000,156,0.00045949154617637954,0.0001,0.0,1.619721344975237e-18,1.2087804220076805e-11,0.00045955468548554456,702.6568400430002,0.00013741125313497345,6.313930916502283e-08,1.8064616479073231e-06,,[263],[3.3930524999999534],1.5807864822590973e-10,1.1893213491846331e-11,4.627198002340973e-22,1.5807864822590973e-10,1
our,5000,5000,157,0.00045949154617637954,0.0001,0.0,1.5796834051896465e-18,1.2069592672680697e-11,0.0004595538778090123,707.0236965850002,0.00013565349167236508,6.233163263275965e-08,1.7575199595883143e-06,,[260],[3.076863417000027],1.565659168733004e-10,1.1875295115832344e-11,4.368757591411201e-22,1.565659168733004e-10,1
our,5000,5000,158,0.00045949154617637954,0.0001,0.0,1.6040721006550764e-18,1.162594064942368e-11,0.0004595530748709482,711.6036617930001,0.00013390604262622944,6.152869456868635e-08,1.747212030722974e-06,,[264],[3.309750749999921],1.5508510034055521e-10,1.1438785048940166e-11,4.377148899593439e-22,1.5508510034055521e-10,1
our,5000,5000,159,0.00045949154617637954,0.0001,0.0,1.6674803228274111e-18,1.1859990194886876e-11,0.00045955229893016817,716.2008409180002,0.00013221734827154467,6.075275378863293e-08,1.688468258582146e-06,,[263],[3.202119375000052],1.5362513645882688e-10,1.1669066840503273e-11,4.442999813565587e-22,1.5362513645882688e-10,1
our,5000,5000,160,0.00045949154617637954,0.0001,0.0,1.587808845917929e-18,1.1829673797769997e-11,0.00045955153236423575,721.0819460020001,0.0001305490565721648,5.998618785621164e-08,1.6680711514355209e-06,,[261],[3.5667486659999668],1.5219527659436827e-10,1.1639238479896987e-11,4.541472362729598e-22,1.5219527659436827e-10,1
our,5000,5000,161,0.00045949154617637954,0.0001,0.0,1.594272482992436e-18,1.193703084641144e-11,0.000459550780704979,725.5153047940001,0.00012891320654835001,5.923452859945633e-08,1.635636493013706e-06,,[263],[3.1191820419999203],1.5080686804985585e-10,1.1744867283615245e-11,4.687013269301232e-22,1.5080686804985585e-10,1
our,5000,5000,162,0.00045949154617637954,0.0001,0.0,1.6263398093608421e-18,1.1651132958328936e-11,0.00045955004633666197,730.0347110440002,0.0001273149871183389,5.850016028243138e-08,1.598013424976411e-06,,[261],[3.2068742500000553],1.4950091204045847e-10,1.1463571809439241e-11,4.6224293569940135e-22,1.4950091204045847e-10,1
our,5000,5000,163,0.00045949154617637954,0.0001,0.0,1.5871248964794818e-18,1.1740237898787684e-11,0.0004595493170371443,734.3720436690003,0.00012572779901060582,5.7770860764736354e-08,1.5869860606232005e-06,,[262],[3.0671050830000013],1.4822066643423613e-10,1.1551242329308681e-11,4.443991896943634e-22,1.4822066643423613e-10,1
our,5000,5000,164,0.00045949154617637954,0.0001,0.0,1.5890066229701095e-18,1.1568109564982457e-11,0.00045954861358047836,738.8462752520003,0.00012419685318197312,5.706740409882564e-08,1.5307533703806122e-06,,[261],[3.248481125000012],1.469653430274834e-10,1.1381884935304797e-11,4.628113386161919e-22,1.469653430274834e-10,1
our,5000,5000,165,0.00045949154617637954,0.0001,0.0,1.6086090690711533e-18,1.1595937499135556e-11,0.0004595479170226051,743.5809141690003,0.0001226809213240739,5.6370846225541494e-08,1.515743607312959e-06,,[261],[3.39580808300002],1.4573333420335095e-10,1.1409264892482639e-11,4.5979139746039105e-22,1.4573333420335095e-10,1
our,5000,5000,166,0.00045949154617637954,0.0001,0.0,1.572881298452495e-18,1.1131552590548052e-11,0.00045954722961088264,747.7364835850003,0.00012118489440441933,5.568343450310792e-08,1.495843408207114e-06,,[262],[2.8814808749999656],1.4452292923871607e-10,1.0952355700402126e-11,4.5984136380094435e-22,1.4452292923871607e-10,1
our,5000,5000,167,0.00045949154617637954,0.0001,0.0,1.620919967869095e-18,1.136017202720583e-11,0.0004595465583529623,751.9919489600003,0.00011972402330477049,5.501217658276589e-08,1.4606940855903204e-06,,[262],[3.0370749159999377],1.4333258798444e-10,1.1177294797615541e-11,4.604645253125605e-22,1.4333258798444e-10,1
our,5000,5000,168,0.00045949154617637954,0.0001,0.0,1.5955697796459006e-18,1.1311257553830321e-11,0.00045954589485754896,755.9251866270002,0.00011828004589351402,5.434868116942389e-08,1.4438045531664955e-06,,[263],[2.7014881250000826],1.421592517553266e-10,1.1129167754514534e-11,4.391248423506283e-22,1.421592517553266e-10,1
our,5000,5000,169,0.00045949154617637954,0.0001,0.0,1.6122078168176558e-18,1.1177737712434523e-11,0.0004595452493075799,760.3604589190002,0.00011687512348649767,5.370313120036611e-08,1.4047562523823428e-06,,[263],[3.152050417000055],1.409980651826153e-10,1.0997797329397937e-11,4.4196668281019885e-22,1.409980651826153e-10,1
our,5000,5000,170,0.00045949154617637954,0.0001,0.0,1.5669867905120478e-18,1.1229844792554646e-11,0.0004595446139298467,764.9045326270001,0.00011549233910555367,5.30677534671376e-08,1.38262278673507e-06,,[263],[3.2967125000000124],1.39847833734625e-10,1.1049065584328479e-11,4.495871958367888e-22,1.39847833734625e-10,1
our,5000,5000,171,0.00045949154617637954,0.0001,0.0,1.5663864425391171e-18,1.1178031428969524e-11,0.00045954398184421186,769.532124002,0.00011411671937964272,5.243566783232805e-08,1.3754608707176422e-06,,[264],[3.3851209590000053],1.387056291949809e-10,1.0998086317653641e-11,4.763240217520579e-22,1.387056291949809e-10,1
our,5000,5000,172,0.00045949154617637954,0.0001,0.0,1.5797311938823474e-18,1.1395814838794566e-11,0.0004595433767201126,774.077461544,0.00011279977654510785,5.183054373306172e-08,1.3167925664870757e-06,,[263],[3.211742041999969],1.3756998794635792e-10,1.1212363827520113e-11,4.560510342737806e-22,1.3756998794635792e-10,1
our,5000,5000,173,0.00045949154617637954,0.0001,0.0,1.579556697335077e-18,1.1133394356324118e-11,0.00045954276796167587,778.503789586,0.0001114749242343484,5.1221785296335504e-08,1.3247028845700952e-06,,[264],[3.1173310829999537],1.3644134105877528e-10,1.0954167817241373e-11,4.640800475492833e-22,1.3644134105877528e-10,1
our,5000,5000,174,0.00045949154617637954,0.0001,0.0,1.58641491534528e-18,1.1111038264465748e-11,0.0004595421739710753,783.180374586,0.00011018221144013475,5.062779469576029e-08,1.292568705215159e-06,,[265],[3.3754030420000163],1.3531693913875042e-10,1.0932171616072487e-11,4.710168892575751e-22,1.3531693913875042e-10,1
our,5000,5000,175,0.00045949154617637954,0.0001,0.0,1.5939833710260036e-18,1.127780524449454e-11,0.0004595415939348183,787.7993531689999,0.00010891986774348207,5.004775843877934e-08,1.2622046241559068e-06,,[264],[3.254338374999975],1.3420366697255577e-10,1.109625396393006e-11,4.531617705054284e-22,1.3420366697255577e-10,1
our,5000,5000,176,0.00045949154617637954,0.0001,0.0,1.599768577802962e-18,1.1255749215897357e-11,0.00045954101955888055,792.53066096,0.00010766984270484528,4.9473382501016936e-08,1.2498889009030035e-06,,[265],[3.225136750000047],1.33095451229661e-10,1.1074552995572807e-11,4.6206433835199825e-22,1.33095451229661e-10,1
our,5000,5000,177,0.00045949154617637954,0.0001,0.0,1.5934963684620819e-18,1.0720992372344797e-11,0.0004595404473265252,797.644193044,0.00010642448278447113,4.8901150145658125e-08,1.2452258471030596e-06,,[269],[3.700856832999989],1.3200385715738084e-10,1.054840472324779e-11,4.539501426969299e-22,1.3200385715738084e-10,1
our,5000,5000,178,0.00045949154617637954,0.0001,0.0,1.545461432719741e-18,1.1138981181474191e-11,0.0004595399000199376,803.152375294,0.00010523336927620873,4.8353843558075066e-08,1.1909867581126591e-06,,[268],[4.093529584000066],1.3093550545283928e-10,1.095966470509972e-11,4.349530569043394e-22,1.3093550545283928e-10,1
our,5000,5000,179,0.00045949154617637954,0.0001,0.0,1.59869900099086e-18,1.0648318127466615e-11,0.0004595393515901178,808.415081336,0.00010403981125680526,4.7805413738288144e-08,1.1934324304878156e-06,,[269],[3.947155916999918],1.298812882873917e-10,1.0476900395914346e-11,4.531262641384219e-22,1.298812882873917e-10,1
our,5000,5000,180,0.00045949154617637954,0.0001,0.0,1.55942847971545e-18,1.080916439539921e-11,0.0004595388173243408,813.833449836,0.00010287707870717676,4.7271147961269744e-08,1.1626115917379234e-06,,[269],[4.069077082999911],1.2884197749246367e-10,1.0635157343914197e-11,4.609496239851732e-22,1.2884197749246367e-10,1
our,5000,5000,181,0.00045949154617637954,0.0001,0.0,1.5819909839951415e-18,1.0870313530694293e-11,0.00045953829188960944,819.256397336,0.00010173356532648187,4.674571322990087e-08,1.143395751480178e-06,,[269],[4.112216291000095],1.2782557271252065e-10,1.0695322094076043e-11,4.575037644141719e-22,1.2782557271252065e-10,1
our,5000,5000,182,0.00045949154617637954,0.0001,0.0,1.56088085253797e-18,1.1060229817599421e-11,0.00045953777562627234,824.614752961,0.00010061001182176698,4.622944989280753e-08,1.1234392132383006e-06,,[269],[4.037838416],1.268247742067395e-10,1.0882181088862697e-11,4.470930755463387e-22,1.268247742067395e-10,1
our,5000,5000,183,0.00045949154617637954,0.0001,0.0,1.5725456713249164e-18,1.102957521879021e-11,0.000459537261344587,831.576334128,9.949077102265915e-05,4.571516820748179e-08,1.1191282036060332e-06,,[276],[5.565056874999982],1.2583756510676763e-10,1.085201997097006e-11,4.46994360324206e-22,1.2583756510676763e-10,1
our,5000,5000,184,0.00045949154617637954,0.0001,0.0,1.5717248689769771e-18,1.1041723160430679e-11,0.0004595367653219004,836.95150367,9.841126762209245e-05,4.5219145520852735e-08,1.0793960106253682e-06,,[269],[4.044222833000049],1.2485653285171141e-10,1.0863972353783858e-11,4.713376587629995e-22,1.2485653285171141e-10,1
our,5000,5000,185,0.00045949154617637954,0.0001,0.0,1.5535862811979771e-18,1.1019869170944302e-11,0.0004595362613250065,842.1737840449999,9.731440980586217e-05,4.471514862693744e-08,1.0967498836839558e-06,,[280],[3.92394020800009],1.2387948815940595e-10,1.0842470172090812e-11,4.678275588835384e-22,1.2387948815940595e-10,1
our,5000,5000,186,0.00045949154617637954,0.0001,0.0,1.594343927484677e-18,1.1042574358076289e-11,0.00045953578701997156,847.6030600449999,9.62821709347346e-05,4.424084359201967e-08,1.0321384291855036e-06,,[271],[4.124374957999976],1.2291194231677136e-10,1.086480984876133e-11,4.6268875840665365e-22,1.2291194231677136e-10,1
our,5000,5000,187,0.00045949154617637954,0.0001,0.0,1.6098461021674211e-18,1.0936554884891722e-11,0.00045953530416936,853.4362735039998,9.523133416621786e-05,4.3757992980474926e-08,1.0507356014119462e-06,,[281],[4.543728290999979],1.2195107951187002e-10,1.0760497088071273e-11,4.331962763444225e-22,1.2195107951187002e-10,1
our,5000,5000,188,0.00045949154617637954,0.0001,0.0,1.5888180475308672e-18,1.0756068132146447e-11,0.0004595348362410256,859.2251127539998,9.421297302699741e-05,4.329006464604858e-08,1.018264168565151e-06,,[280],[4.398972167000011],1.2099362628891325e-10,1.058291582982386e-11,4.677242726170072e-22,1.2099362628891325e-10,1
our,5000,5000,189,0.00045949154617637954,0.0001,0.0,1.600406651268531e-18,1.0921563767475955e-11,0.00045953437754637713,864.8511000869998,9.321470733033686e-05,4.283136999759518e-08,9.981716559412544e-07,,[278],[4.2916459169999825],1.2004260338237889e-10,1.074574729922121e-11,4.468183359491413e-22,1.2004260338237889e-10,1
our,5000,5000,190,0.00045949154617637954,0.0001,0.0,1.5599640237277491e-18,1.0916280675152764e-11,0.00045953392035171723,870.2752110869998,9.221970608667474e-05,4.237417533769746e-08,9.949085035571324e-07,,[281],[4.148412208999957],1.1910041715685343e-10,1.0740549254667137e-11,4.600431655990973e-22,1.1910041715685343e-10,1
our,5000,5000,191,0.00045949154617637954,0.0001,0.0,1.5993505009183254e-18,1.0783431001809876e-11,0.000459533468480217,876.0315865039998,9.123628973441943e-05,4.192230383746453e-08,9.83325670251012e-07,,[285],[4.435757707999983],1.181688748222864e-10,1.0609838209168507e-11,4.438051899802223e-22,1.181688748222864e-10,1
our,5000,5000,192,0.00045949154617637954,0.0001,0.0,1.537310706627571e-18,1.0333615967372917e-11,0.000459533023437231,880.8732749199999,9.026773440466801e-05,4.1477260851439674e-08,9.684669704183131e-07,,[286],[3.5538139169999567],1.1724390315319174e-10,1.0167264343890684e-11,4.4940546899465365e-22,1.1724390315319174e-10,1
our,5000,5000,193,0.00045949154617637954,0.0001,0.0,1.5074533050474052e-18,1.0699679142532153e-11,0.0004595325880451904,885.4571125869999,8.93201826070641e-05,4.104186881087645e-08,9.474662719701093e-07,,[286],[3.301724541999988],1.1632394954851179e-10,1.0527434596023066e-11,4.548114341902337e-22,1.1632394954851179e-10,1
our,5000,5000,194,0.00045949154617637954,0.0001,0.0,1.5661004565687046e-18,1.0627043628714479e-11,0.0004595321636387563,890.1414745459998,8.839653898918384e-05,4.06174623767807e-08,9.235611252319171e-07,,[287],[3.3950637079999524],1.1540728575349876e-10,1.0455968376253495e-11,4.713691091407733e-22,1.1540728575349876e-10,1
our,5000,5000,195,0.00045949154617637954,0.0001,0.0,1.5742604702324152e-18,1.0806594268510352e-11,0.00045953174759127285,894.9658780869997,8.749108711106407e-05,4.020141489331514e-08,9.053718463820411e-07,,[286],[3.4993130829999473],1.1450074711667124e-10,1.0632628591195026e-11,4.268663677747257e-22,1.1450074711667124e-10,1
our,5000,5000,196,0.00045949154617637954,0.0001,0.0,1.622413067214759e-18,1.0722321618729258e-11,0.00045953133352022424,899.2732780869998,8.658993658489352e-05,3.9787343844707376e-08,9.010716904287929e-07,,[289],[3.100054875000069],1.13609144787326e-10,1.0549712571285847e-11,4.477207203991358e-22,1.13609144787326e-10,1
our,5000,5000,197,0.00045949154617637954,0.0001,0.0,1.5328562310763991e-18,1.0593974102636411e-11,0.0004595309214022472,903.6754065869998,8.569303656466602e-05,3.9375225867647416e-08,8.968223644358372e-07,,[292],[3.2138176249999333],1.1272635690322676e-10,1.0423431206842082e-11,4.2253212557606395e-22,1.1272635690322676e-10,1
our,5000,5000,198,0.00045949154617637954,0.0001,0.0,1.5926504955624474e-18,1.0760298438587426e-11,0.0004595305238317053,908.7205315029997,8.482779639828703e-05,3.8977655325784025e-08,8.651660276749477e-07,,[290],[3.805641332999926],1.1184856974977328e-10,1.0587078036352233e-11,4.803641055278287e-22,1.1184856974977328e-10,1
our,5000,5000,199,0.00045949154617637954,0.0001,0.0,1.5817570060874716e-18,1.0346831814746638e-11,0.0004595301255896802,913.7087535029998,8.396109487037945e-05,3.857941330065234e-08,8.666280137628765e-07,,[293],[3.7621769580000546],1.1099860708550467e-10,1.0180267441180287e-11,4.272376915049794e-22,1.1099860708550467e-10,1
our,5000,5000,200,0.00045949154617637954,0.0001,0.0,1.5443780103573816e-18,1.0624943272163642e-11,0.00045952973855398167,918.6684856279998,8.311878187955002e-05,3.819237760213168e-08,8.4224227524584e-07,,[292],[3.68950899999993],1.1016106241904849e-10,1.0453901831460637e-11,4.427882103489488e-22,1.1016106241904849e-10,1
our,5000,5000,201,0.00045949154617637954,0.0001,0.0,1.5330180927077021e-18,1.040417368782883e-11,0.000459529343461312,923.4451384619998,8.225893435249864e-05,3.77972849324509e-08,8.597760635123011e-07,,[296],[3.5178775839999616],1.0933369186105206e-10,1.023668621883191e-11,4.636940328429242e-22,1.0933369186105206e-10,1
our,5000,5000,202,0.00045949154617637954,0.0001,0.0,1.5356197055635842e-18,1.094331736132669e-11,0.00045952897615775387,928.3069232119999,8.145956478590628e-05,3.742998137433104e-08,7.993038167121654e-07,,[294],[3.632593707999945],1.0851336104672658e-10,1.0767150701457985e-11,4.362472176040961e-22,1.0851336104672658e-10,1
our,5000,5000,203,0.00045949154617637954,0.0001,0.0,1.5279524722776517e-18,1.015630995613494e-11,0.0004595285985749881,933.120315421,8.063782438845454e-05,3.705239860855034e-08,8.216734642889601e-07,,[296],[3.5664871660000017],1.0769424127382871e-10,9.992812623243312e-12,4.513191452534182e-22,1.0769424127382871e-10,1
our,5000,5000,204,0.00045949154617637954,0.0001,0.0,1.5844857012904186e-18,1.0731395266032604e-11,0.0004595282318131662,937.9346052129999,7.983963381254595e-05,3.668563678668269e-08,7.98126216746879e-07,,[296],[3.5858190420000255],1.0687715606628222e-10,1.0558640150072174e-11,4.357995409566254e-22,1.0687715606628222e-10,1
our,5000,5000,205,0.00045949154617637954,0.0001,0.0,1.5430264042305117e-18,1.0636020113116291e-11,0.00045952787526928613,942.8879854209999,7.906368073342342e-05,3.6329092906596354e-08,7.758911322586534e-07,,[296],[3.725346208000019],1.0606600699103532e-10,1.0464800356276771e-11,4.591527698251262e-22,1.0606600699103532e-10,1
our,5000,5000,206,0.00045949154617637954,0.0001,0.0,1.5643380580471864e-18,1.0548136706921686e-11,0.00045952751714280237,947.955671213,7.828428340447695e-05,3.5970966422833005e-08,7.793357117965582e-07,,[299],[3.8381349999999657],1.052564122266251e-10,1.0378331706285975e-11,4.510481269595173e-22,1.052564122266251e-10,1
our,5000,5000,207,0.00045949154617637954,0.0001,0.0,1.5261045520030521e-18,1.0325778842481365e-11,0.0004595271666786971,952.8644465460001,7.752156185238365e-05,3.5620502317559605e-08,7.626618476570783e-07,,[298],[3.650821374999964],1.0444755288012276e-10,1.0159553381849897e-11,4.386604001138253e-22,1.0444755288012276e-10,1
our,5000,5000,208,0.00045949154617637954,0.0001,0.0,1.5512171831602122e-18,1.0506923709783423e-11,0.0004595268222413378,957.7612690459999,7.67719564197205e-05,3.5276064958282994e-08,7.495473265837256e-07,,[299],[3.6627502499998172],1.0364013818158395e-10,1.0337782160257582e-11,4.543993273919229e-22,1.0364013818158395e-10,1
our,5000,5000,209,0.00045949154617637954,0.0001,0.0,1.5403685874653851e-18,1.0588066631870291e-11,0.0004595264836377254,962.4920446289999,7.603504707883822e-05,3.4937461345849186e-08,7.368527712534219e-07,,[301],[3.493120417],1.028380284597392e-10,1.0417618835154127e-11,4.562297343058456e-22,1.028380284597392e-10,1
our,5000,5000,210,0.00045949154617637954,0.0001,0.0,1.5317226548364624e-18,1.0453449409333396e-11,0.0004595261493717451,966.9718201699999,7.530757780747973e-05,3.460319536555687e-08,7.274139624036119e-07,,[301],[3.2439487500000723],1.0204023527543864e-10,1.028516869465206e-11,4.417163780855263e-22,1.0204023527543864e-10,1
our,5000,5000,211,0.00045949154617637954,0.0001,0.0,1.544505488414949e-18,1.0604613969201245e-11,0.0004595258201130824,972.144146753,7.45910060545357e-05,3.42739367028503e-08,7.165177937245321e-07,,[301],[3.953454208000039],1.0124909650073572e-10,1.0433899791729497e-11,4.6278015511759065e-22,1.0124909650073572e-10,1
our,5000,5000,212,0.00045949154617637954,0.0001,0.0,1.5691767047614882e-18,1.0461031366308453e-11,0.0004595254922437582,976.659288878,7.387745794484602e-05,3.394606737865775e-08,7.134948893880699e-07,,[299],[3.2700489159999506],1.0046334701144251e-10,1.0292628596495983e-11,4.518720012918703e-22,1.0046334701144251e-10,1
our,5000,5000,213,0.00045949154617637954,0.0001,0.0,1.5398800541847445e-18,1.0408768436837619e-11,0.0004595251681108349,981.509595545,7.31720414339256e-05,3.362193445535658e-08,7.053644003915916e-07,,[304],[3.6030978329999925],9.968373991624619e-11,1.024120700109377e-11,4.376856925541812e-22,9.968373991624619e-11,1
our,5000,5000,214,0.00045949154617637954,0.0001,0.0,1.5550619248596535e-18,1.0312209423796182e-11,0.00045952485062436256,986.4169722120001,7.248108971789212e-05,3.330444798302313e-08,6.909011613850777e-07,,[304],[3.6761321250000947],9.890819217983555e-11,1.0146202405076539e-11,4.419489794890547e-22,9.890819217983555e-11,1
our,5000,5000,215,0.00045949154617637954,0.0001,0.0,1.5250940275937807e-18,1.0510136799432317e-11,0.00045952453951041464,991.2702946700002,7.180400664529448e-05,3.299333403510539e-08,6.770340004355105e-07,,[304],[3.584599292000121],9.813608657557054e-11,1.0340943525255475e-11,4.667339752297294e-22,9.813608657557054e-11,1
our,5000,5000,216,0.00045949154617637954,0.0001,0.0,1.5691620172736905e-18,1.0376509079622886e-11,0.00045952423291289297,996.3170075450001,7.113675275514606e-05,3.268673651342889e-08,6.672059820856436e-07,,[304],[3.755678916999841],9.73755662749533e-11,1.0209466958363155e-11,4.294620366006607e-22,9.73755662749533e-11,1
our,5000,5000,217,0.00045949154617637954,0.0001,0.0,1.5325673529701222e-18,1.0578023276846997e-11,0.0004595239342897366,1000.880752962,7.048685362456845e-05,3.23881133570611e-08,6.49852902152384e-07,,[299],[3.3289002500000606],9.662943899930338e-11,1.040773715910348e-11,4.492312629225739e-22,9.662943899930338e-11,1
our,5000,5000,218,0.00045949154617637954,0.0001,0.0,1.5262278822193928e-18,1.0546683217838636e-11,0.00045952363083530363,1005.775488295,6.982644009684736e-05,3.208465892409274e-08,6.603669805303944e-07,,[304],[3.617934290999983],9.589383879547383e-11,1.0376901615621198e-11,4.338196423500998e-22,9.589383879547383e-11,1
our,5000,5000,219,0.00045949154617637954,0.0001,0.0,1.5425887013336505e-18,1.0378263034553428e-11,0.0004595233390673572,1010.4392255029999,6.919146008715217e-05,3.17928909776468e-08,6.349356743973607e-07,,[303],[3.431880875000161],9.516077232396988e-11,1.0211192677944993e-11,4.577056946484748e-22,9.516077232396988e-11,1
our,5000,5000,220,0.00045949154617637954,0.0001,0.0,1.5522816944739077e-18,1.0376101347930568e-11,0.0004595230501837219,1015.3460096279999,6.856275725751606e-05,3.150400734237184e-08,6.286593317790397e-07,,[303],[3.6768144170000596],9.443115975913235e-11,1.0209065790377983e-11,4.465137291885532e-22,9.443115975913235e-11,1
our,5000,5000,221,0.00045949154617637954,0.0001,0.0,1.6298972251113413e-18,1.0639903228555718e-11,0.0004595227597065091,1020.1886801279999,6.793058629543882e-05,3.121353012955916e-08,6.321276216645623e-07,,[303],[3.5647957500000302],9.370406792007231e-11,1.0468620960920407e-11,4.491289880429228e-22,9.370406792007231e-11,1
our,5000,5000,222,0.00045949154617637954,0.0001,0.0,1.5058090558678459e-18,1.0376903989272833e-11,0.00045952248003081357,1024.975967337,6.732192287637695e-05,3.0933854434033424e-08,6.086220750074769e-07,,[300],[3.5710560830000304],9.298383154555351e-11,1.0209855510716527e-11,4.5413330971949835e-22,9.298383154555351e-11,1
our,5000,5000,223,0.00045949154617637954,0.0001,0.0,1.5594807790040676e-18,1.0472961888020602e-11,0.00045952220132342687,1029.7819529199999,6.671536680581534e-05,3.06551470473284e-08,6.065152387894849e-07,,[300],[3.6019177910000053],9.227188329122689e-11,1.0304367059430054e-11,4.2296614134477794e-22,9.227188329122689e-11,1
our,5000,5000,224,0.00045949154617637954,0.0001,0.0,1.5908197166487114e-18,1.0466048775874063e-11,0.00045952192780920295,1034.7756462529999,6.612011271205294e-05,3.03816328234177e-08,5.952143838164484e-07,,[300],[3.6917184169999473],9.156667490672815e-11,1.0297565235281109e-11,4.516519798292039e-22,9.156667490672815e-11,1
our,5000,5000,225,0.00045949154617637954,0.0001,0.0,1.5735195464385885e-18,1.0497897289808285e-11,0.00045952165631868387,1039.951471336,6.552926284475025e-05,3.011014230433267e-08,5.90810802825821e-07,,[300],[3.854818625000007],9.087013781076957e-11,1.0328901048529028e-11,4.360443936321243e-22,9.087013781076957e-11,1
our,5000,5000,226,0.00045949154617637954,0.0001,0.0,1.5383560290902074e-18,1.0098447130643065e-11,0.0004595213890368065,1045.0153236689998,6.494757232275199e-05,2.9842860426983545e-08,5.816524067448201e-07,,[300],[3.761433707999913],9.017976719740612e-11,9.935881279528024e-12,4.243627387604362e-22,9.017976719740612e-11,1
our,5000,5000,227,0.00045949154617637954,0.0001,0.0,1.583038173320515e-18,1.0150574626792429e-11,0.00045952112845065046,1050.3417701689998,6.43804538235566e-05,2.9582274270923033e-08,5.670816686176921e-07,,[299],[3.9405157910000526],8.949762915852567e-11,9.987169621828445e-12,4.358796160328059e-22,8.949762915852567e-11,1
our,5000,5000,228,0.00045949154617637954,0.0001,0.0,1.5679167762056955e-18,9.997987517279492e-12,0.0004595208628291638,1055.5560207529998,6.380237684069147e-05,2.9316652784257356e-08,5.780397684025167e-07,,[299],[3.957945749999908],8.882219515897388e-11,9.837038875457905e-12,4.521072469314211e-22,8.882219515897388e-11,1
our,5000,5000,229,0.00045949154617637954,0.0001,0.0,1.5592801196062733e-18,1.0103717663204168e-11,0.0004595206128409316,1061.5200608369998,6.325832280033026e-05,2.9066664552048274e-08,5.44019330634874e-07,,[296],[4.564269457999899],8.815077584790564e-11,9.94106696650836e-12,4.174294684687276e-22,8.815077584790564e-11,1
our,5000,5000,230,0.00045949154617637954,0.0001,0.0,1.5663644699708897e-18,1.0378511194842893e-11,0.0004595203579962521,1067.1046312119997,6.270369958341729e-05,2.8811819872563618e-08,5.545881345977271e-07,,[298],[4.257092083999851],8.750104003340764e-11,1.0211436843324336e-11,4.555395169133966e-22,8.750104003340764e-11,1
our,5000,5000,231,0.00045949154617637954,0.0001,0.0,1.5510423553118316e-18,9.859019815591868e-12,0.0004595201107923146,1072.7592180029997,6.216570505543745e-05,2.8564615935067726e-08,5.379607958477165e-07,,[296],[4.361782167000001],8.685684912373545e-11,9.70030829027048e-12,4.430689021071626e-22,8.685684912373545e-11,1
our,5000,5000,232,0.00045949154617637954,0.0001,0.0,1.5344257293041776e-18,1.0285154867390692e-11,0.0004595198594758675,1077.7929896279998,6.161876039631973e-05,2.8313299487976815e-08,5.4691066003093e-07,,[296],[3.7419238750001114],8.621891512398869e-11,1.0119583375730973e-11,4.489015699171947e-22,8.621891512398869e-11,1
our,5000,5000,233,0.00045949154617637954,0.0001,0.0,1.5582939165846564e-18,1.0182184541167939e-11,0.0004595196197818428,1083.0550532949997,6.109710983122403e-05,2.807360546325721e-08,5.216184236150405e-07,,[295],[4.002911041000061],8.559070163521599e-11,1.0018270676518139e-11,4.55704970958847e-22,8.559070163521599e-11,1
our,5000,5000,234,0.00045949154617637954,0.0001,0.0,1.5517064773203307e-18,9.874870404525718e-12,0.00045951937946013066,1088.0420205449998,6.057409321834214e-05,2.7833283751128174e-08,5.229846600306802e-07,,[296],[3.7040930840000783],8.496610059334986e-11,9.715903714776832e-12,4.39975432008378e-22,8.496610059334986e-11,1
our,5000,5000,235,0.00045949154617637954,0.0001,0.0,1.548419364358423e-18,1.0008662802844729e-11,0.0004595191482362542,1093.5239461699998,6.0070876394451536e-05,2.7602059874656717e-08,5.031863438340989e-07,,[295],[4.205702916000064],8.434618179152858e-11,9.847542309166974e-12,4.386539989179169e-22,8.434618179152858e-11,1
our,5000,5000,236,0.00045949154617637954,0.0001,0.0,1.5998703787299779e-18,1.0237668998195922e-11,0.000459518924195712,1097.9293828789998,5.958329279458122e-05,2.7378019332462058e-08,4.875543120555059e-07,,[292],[3.1253217080000013],8.372984243403581e-11,1.0072861938992176e-11,4.1937344695977034e-22,8.372984243403581e-11,1
our,5000,5000,237,0.00045949154617637954,0.0001,0.0,1.5520388046449415e-18,1.0363457588499082e-11,0.00045951869150997327,1102.3287387539997,5.9076894492656514e-05,2.7145333593729584e-08,5.063681308440999e-07,,[293],[3.162274000000025],8.312022174756088e-11,1.0196625571499484e-11,4.555556279345263e-22,8.312022174756088e-11,1
our,5000,5000,238,0.00045949154617637954,0.0001,0.0,1.553637771482602e-18,1.013322815817486e-11,0.0004595184693475127,1107.4357132959997,5.859339819675505e-05,2.6923171133155267e-08,4.834677341291447e-07,,[283],[3.8268868329998895],8.251954014735106e-11,9.97010239846494e-12,4.651955190987401e-22,8.251954014735106e-11,1
our,5000,5000,239,0.00045949154617637954,0.0001,0.0,1.529003820535274e-18,1.0139895608507901e-11,0.00045951824689115765,1112.0734203369996,5.810926229285971e-05,2.6700714778114896e-08,4.841075383895787e-07,,[289],[3.3623507079998944],8.192244754547138e-11,9.976662515489787e-12,4.614182404667984e-22,8.192244754547138e-11,1
our,5000,5000,240,0.00045949154617637954,0.0001,0.0,1.5372165185096453e-18,9.763092733267799e-12,0.00045951802040801964,1116.8286258369997,5.76163628262621e-05,2.647423164009845e-08,4.92870826237484e-07,,[280],[3.459475166999937],8.13329230944787e-11,9.605925452084272e-12,4.441871770955245e-22,8.13329230944787e-11,1
our,5000,5000,241,0.00045949154617637954,0.0001,0.0,1.5460927606603226e-18,1.0193793648103839e-11,0.0004595178052035156,1121.2720795029995,5.714800926067036e-05,2.625902713608748e-08,4.683265823174584e-07,,[280],[3.2038902090000647],8.075878568857911e-11,1.0029692898844424e-11,4.367857519249946e-22,8.075878568857911e-11,1
our,5000,5000,242,0.00045949154617637954,0.0001,0.0,1.5098197757339593e-18,9.951248088708208e-12,0.0004595175905015055,1126.0109427949994,5.6680749281857344e-05,2.6044325125956346e-08,4.672332773613493e-07,,[280],[3.4657052910001767],8.018996197739429e-11,9.791051863063882e-12,4.682447225089688e-22,8.018996197739429e-11,1
our,5000,5000,243,0.00045949154617637954,0.0001,0.0,1.5418632176615222e-18,1.013822224879908e-11,0.00045951737953072233,1130.8729073359996,5.622160964171267e-05,2.5833354342795403e-08,4.591136172408452e-07,,[277],[3.6071896660000675],7.962517722771382e-11,9.975016093699418e-12,4.633227573104854e-22,7.962517722771382e-11,1
our,5000,5000,244,0.00045949154617637954,0.0001,0.0,1.5296333370367424e-18,1.0072044385246689e-11,0.00045951717385390875,1135.8454664199996,5.577399136605302e-05,2.5627677529215746e-08,4.475931112544695e-07,,[275],[3.668730041000117],7.906709499841081e-11,9.909903568270223e-12,4.389988193680813e-22,7.906709499841081e-11,1
our,5000,5000,245,0.00045949154617637954,0.0001,0.0,1.5503231143980301e-18,1.0079832820408794e-11,0.00045951696707148933,1140.6390778369996,5.532396693983314e-05,2.5420895109794835e-08,4.499993279612467e-07,,[269],[3.5264070420000735],7.852452329564376e-11,9.917566624393888e-12,4.426283912742914e-22,7.852452329564376e-11,1
our,5000,5000,246,0.00045949154617637954,0.0001,0.0,1.5332338575729173e-18,1.0136767571681956e-11,0.0004595167629864718,1144.9616167539996,5.487981291948824e-05,2.5216810092246102e-08,4.4412944934192704e-07,,[269],[3.1093384159999005],7.798694846765206e-11,9.973584834125663e-12,4.279245054796469e-22,7.798694846765206e-11,1
our,5000,5000,247,0.00045949154617637954,0.0001,0.0,1.4959492029489792e-18,1.0016271376045052e-11,0.0004595165652885074,1148.9222740869996,5.444955916175241e-05,2.5019112127855868e-08,4.3023014678586325e-07,,[259],[2.7330173749999176],7.745257572187432e-11,9.855028398765405e-12,4.638126737386771e-22,7.745257572187432e-11,1
our,5000,5000,248,0.00045949154617637954,0.0001,0.0,1.5384015691852498e-18,1.0037782790315238e-11,0.0004595163669312,1153.6263513369997,5.401787046352992e-05,2.4820754820442745e-08,4.3166519424296233e-07,,[265],[3.4781102500000998],7.692045031024529e-11,9.876193520053683e-12,4.483840270251655e-22,7.692045031024529e-11,1
our,5000,5000,249,0.00045949154617637954,0.0001,0.0,1.5230042090847407e-18,1.0032881204139526e-11,0.00045951617017657957,1157.9927150869996,5.358966972285031e-05,2.4624000200034e-08,4.281776114368614e-07,,[255],[3.142906291999907],7.639436061623391e-11,9.87137084012149e-12,4.742121704684207e-22,7.639436061623391e-11,1
our,5000,5000,250,0.00045949154617637954,0.0001,0.0,1.5513010419683798e-18,1.0218870839301655e-11,0.0004595159787604743,1162.4063989619997,5.3173087291922355e-05,2.4432584094737e-08,4.165601076093668e-07,,[257],[3.1477082500000506],7.587573072092449e-11,1.0054366394812875e-11,4.762896492579528e-22,7.587573072092449e-11,1
our,5000,5000,251,0.00045949154617637954,0.0001,0.0,1.5235863766648511e-18,1.0115552185570428e-11,0.000459515784766468,1166.6645852539998,5.275089452708998e-05,2.4238590088439694e-08,4.221703167332653e-07,,[255],[2.9968250409999655],7.53754907873218e-11,9.952710975503988e-12,4.390604417307148e-22,7.53754907873218e-11,1
our,5000,5000,252,0.00045949154617637954,0.0001,0.0,1.5271510796489347e-18,9.778028729356454e-12,0.0004595155991072833,1170.874701837,5.2346840989566116e-05,2.4052930903744815e-08,4.040322244626115e-07,,[253],[3.0070579160001216],7.489379291229525e-11,9.620621006956075e-12,4.706955518552946e-22,7.489379291229525e-11,1
our,5000,5000,253,0.00045949154617637954,0.0001,0.0,1.5429403119924947e-18,1.0210513541399248e-11,0.0004595154186603228,1174.980690462,5.195413091254832e-05,2.3872483943256865e-08,3.9268952096188e-07,,[234],[2.88826154100002],7.442500700300881e-11,1.0046143633560404e-11,4.506091874571935e-22,7.442500700300881e-11,1
our,5000,5000,254,0.00045949154617637954,0.0001,0.0,1.5361711841543293e-18,1.0026026697067635e-11,0.0004595152299362309,1179.1392586279999,5.154340716043564e-05,2.3683759851347245e-08,4.1070241442567626e-07,,[256],[2.895748041999923],7.396085675061462e-11,9.864626677616611e-12,4.531644546563538e-22,7.396085675061462e-11,1
our,5000,5000,255,0.00045949154617637954,0.0001,0.0,1.527040348221465e-18,9.978193406382228e-12,0.0004595150446442175,1182.9577585029997,5.114015270464228e-05,2.349846783795224e-08,4.0323367175603257e-07,,[231],[2.5905792920000295],7.350153319611708e-11,9.817563412214429e-12,4.523981747731927e-22,7.350153319611708e-11,1
our,5000,5000,256,0.00045949154617637954,0.0001,0.0,1.568404089550562e-18,9.990641764144754e-12,0.0004595148741102315,1186.9556473779996,5.076901641848875e-05,2.3327933851985394e-08,3.711173071577752e-07,,[249],[2.728944124999998],7.30443245568081e-11,9.829811375020337e-12,4.199555327722663e-22,7.30443245568081e-11,1
our,5000,5000,257,0.00045949154617637954,0.0001,0.0,1.5512314208594717e-18,9.927658567375496e-12,0.0004595146942358254,1190.8683541699995,5.037755240220585e-05,2.3148059445871148e-08,3.914441430487774e-07,,[231],[2.671683084000051],7.259337923123335e-11,9.767842088296484e-12,4.493230063755299e-22,7.259337923123335e-11,1
our,5000,5000,258,0.00045949154617637954,0.0001,0.0,1.5544733465236778e-18,1.014540470253228e-11,0.00045951451841199265,1194.9312258359994,4.9994903724065725e-05,2.2972235613110195e-08,3.826294022073618e-07,,[234],[2.845968999999968],7.214567547022494e-11,9.982082923546179e-12,4.705042564385216e-22,7.214567547022494e-11,1
our,5000,5000,259,0.00045949154617637954,0.0001,0.0,1.5681481438449294e-18,1.0133880682568919e-11,0.0004595143520210378,1199.1240242109993,4.963278399364098e-05,2.2805844658276356e-08,3.621016271887544e-07,,[233],[2.9659469170001103],7.1700866061476e-11,9.970744418453508e-12,4.540585185688557e-22,7.1700866061476e-11,1
our,5000,5000,260,0.00045949154617637954,0.0001,0.0,1.5784762711125284e-18,9.804686581197723e-12,0.00045951418130445084,1203.4164123779994,4.926125030952409e-05,2.263512807130488e-08,3.7151524478099507e-07,,[232],[3.0572867079999924],7.125808641167239e-11,9.646849717928713e-12,4.677355056591365e-22,7.125808641167239e-11,1
our,5000,5000,261,0.00045949154617637954,0.0001,0.0,1.511361809918336e-18,1.0083768566276118e-11,0.0004595140170364692,1207.4345132529995,4.890375084513391e-05,2.2470860089655008e-08,3.5748185438707066e-07,,[228],[2.796359917000018],7.081817606670015e-11,9.921439012215325e-12,4.589220711403345e-22,7.081817606670015e-11,1
our,5000,5000,262,0.00045949154617637954,0.0001,0.0,1.4934811089051675e-18,9.98447577562904e-12,0.00045951385180584314,1211.4398403779996,4.854415635981359e-05,2.2305629463598674e-08,3.5957690066116223e-07,,[228],[2.7427860420000343],7.037903319306055e-11,9.823744647228381e-12,4.60227531488841e-22,7.037903319306055e-11,1
our,5000,5000,263,0.00045949154617637954,0.0001,0.0,1.5437115225780903e-18,1.0022187106183977e-11,0.0004595136873240049,1215.4154999199995,4.8186191475322694e-05,2.2141147625347104e-08,3.5794750823108563e-07,,[228],[2.7542638749998787],6.994060029495237e-11,9.860848896865922e-12,4.611200821227764e-22,6.994060029495237e-11,1
our,5000,5000,264,0.00045949154617637954,0.0001,0.0,1.5387685488272402e-18,1.0028184722033538e-11,0.0004595135259541944,1219.4514016279995,4.783499935478245e-05,2.1979777814875104e-08,3.511751987448799e-07,,[229],[2.789514792000091],6.95054407558599e-11,9.866749962472397e-12,4.436409961010427e-22,6.95054407558599e-11,1
our,5000,5000,265,0.00045949154617637954,0.0001,0.0,1.5158930360095502e-18,9.700706593372495e-12,0.00045951336132697945,1223.0542497949996,4.7476718084248806e-05,2.1815150599911563e-08,3.5826413296907185e-07,,[232],[2.393578875000003],6.907507703735193e-11,9.544543610750782e-12,4.68033212069749e-22,6.907507703735193e-11,1
our,5000,5000,266,0.00045949154617637954,0.0001,0.0,1.5367206547652492e-18,1.0134075655312015e-11,0.00045951320980305643,1226.8278855859996,4.714695375173563e-05,2.166362667689126e-08,3.297486771281981e-07,,[229],[2.521179333999953],6.865437688272495e-11,9.970936252505129e-12,4.449380613298595e-22,6.865437688272495e-11,1
our,5000,5000,267,0.00045949154617637954,0.0001,0.0,1.558514987330965e-18,9.883339113822485e-12,0.00045951305302262523,1230.9049998779997,4.6805749582695844e-05,2.1506846245697344e-08,3.4118808306100906e-07,,[232],[2.807616542000005],6.82344083461144e-11,9.724236093911459e-12,4.213852724028518e-22,6.82344083461144e-11,1
our,5000,5000,268,0.00045949154617637954,0.0001,0.0,1.5530300625469617e-18,1.0014979778559807e-11,0.00045951290257089614,1234.9573462529997,4.6478318685776015e-05,2.1356394516605735e-08,3.2741557198855355e-07,,[228],[2.8228049589999955],6.781712389278925e-11,9.853757593550671e-12,4.727815061117473e-22,6.781712389278925e-11,1
our,5000,5000,269,0.00045949154617637954,0.0001,0.0,1.5582650395462818e-18,1.0032126214180358e-11,0.0004595127455587574,1239.0124239609997,4.613661024726988e-05,2.119938237785503e-08,3.4169255721057525e-07,,[234],[2.7980786250000165],6.740393646455171e-11,9.870628004069127e-12,4.421241515950265e-22,6.740393646455171e-11,1
our,5000,5000,270,0.00045949154617637954,0.0001,0.0,1.5208827881850158e-18,1.002388277828787e-11,0.0004595125990746265,1243.0637560439998,4.581781410817234e-05,2.1052898246986043e-08,3.1878143160287443e-07,,[232],[2.8273424169999544],6.699773730262336e-11,9.86251727186411e-12,4.410771568826952e-22,6.699773730262336e-11,1
our,5000,5000,271,0.00045949154617637954,0.0001,0.0,1.577095822717549e-18,9.815692137184973e-12,0.00045951244948954734,1247.0904232939997,4.549226931756342e-05,2.0903313167799486e-08,3.2552987554159345e-07,,[234],[2.7358449999999266],6.6603915703084e-11,9.657678105332227e-12,4.630797536494627e-22,6.6603915703084e-11,1
our,5000,5000,272,0.00045949154617637954,0.0001,0.0,1.5427991748828403e-18,9.933398814956851e-12,0.0004595123040493933,1251.2341335439996,4.5175745204615e-05,2.075787301373871e-08,3.165097142032559e-07,,[234],[2.7977896249999503],6.621456072872441e-11,9.773489928775874e-12,4.612693074013102e-22,6.621456072872441e-11,1
our,5000,5000,273,0.00045949154617637954,0.0001,0.0,1.5597721796249662e-18,1.0077604983903916e-11,0.0004595121614956341,1255.3419661689998,4.4865502806582026e-05,2.061531925457707e-08,3.102283832345798e-07,,[234],[2.7592053329999544],6.583142039926239e-11,9.915374651832533e-12,4.495802051642858e-22,6.583142039926239e-11,1
our,5000,5000,274,0.00045949154617637954,0.0001,0.0,1.5381987184300268e-18,9.789655882429282e-12,0.00045951201421440784,1259.5182910029998,4.4544971933918716e-05,2.0468038028299742e-08,3.2051649252971656e-07,,[238],[2.843951957999934],6.545711144207952e-11,9.632060984910703e-12,4.656661178360626e-22,6.545711144207952e-11,1
our,5000,5000,275,0.00045949154617637954,0.0001,0.0,1.5759555354437207e-18,9.954996721364766e-12,0.0004595118774573498,1264.0462836279999,4.424734500436711e-05,2.0331280970256344e-08,2.9761367235892773e-07,,[236],[3.1614818330001526],6.508386703625751e-11,9.794740149842461e-12,4.575348368092425e-22,6.508386703625751e-11,1
our,5000,5000,276,0.00045949154617637954,0.0001,0.0,1.4972883203818214e-18,1.0119067738221132e-11,0.0004595117375424848,1268.8351210029998,4.394284568076223e-05,2.0191366105243476e-08,3.044858509143862e-07,,[237],[3.4040255419999994],6.473287752312453e-11,9.956169934422864e-12,4.366982847357682e-22,6.473287752312453e-11,1
our,5000,5000,277,0.00045949154617637954,0.0001,0.0,1.5362033115736803e-18,9.941617264366295e-12,0.0004595115983151849,1273.5566484199996,4.3639842717942256e-05,2.0052138805361306e-08,3.029896485925943e-07,,[238],[3.3934806249999383],6.440370689935911e-11,9.781576076732847e-12,4.356399879418437e-22,6.440370689935911e-11,1
our,5000,5000,278,0.00045949154617637954,0.0001,0.0,1.5309838614042765e-18,1.0089903473926917e-11,0.00045951146523832043,1278.1646962119996,4.3350225062129317e-05,1.991906194089184e-08,2.8960501749552887e-07,,[238],[3.2786599169999135],6.407557431713332e-11,9.927475159485357e-12,4.44133728738053e-22,6.407557431713332e-11,1
our,5000,5000,279,0.00045949154617637954,0.0001,0.0,1.548256851947586e-18,9.96879985963301e-12,0.00045951132577649667,1282.2451030449997,4.3046711700625626e-05,1.9779600117129318e-08,3.035002047015087e-07,,[242],[2.7673894590000145],6.375007273820316e-11,9.808321083756748e-12,4.385916020966653e-22,6.375007273820316e-11,1
our,5000,5000,280,0.00045949154617637954,0.0001,0.0,1.5160757326408868e-18,9.898945509282478e-12,0.0004595111913166181,1286.4930294199996,4.275408416551629e-05,1.9645140238568146e-08,2.926149389984179e-07,,[245],[2.9357113749999826],6.34272974008934e-11,9.739591255995869e-12,4.622468738002834e-22,6.34272974008934e-11,1
our,5000,5000,281,0.00045949154617637954,0.0001,0.0,1.5475395246225866e-18,9.752299683782452e-12,0.000459511062910085,1290.7999014609995,4.2474630638685865e-05,1.951673370544039e-08,2.7944157956161406e-07,,[243],[2.926107125000044],6.310577005922797e-11,9.595306150230913e-12,4.3474089469718885e-22,6.310577005922797e-11,1
our,5000,5000,282,0.00045949154617637954,0.0001,0.0,1.5626770797271626e-18,1.0032075189969054e-11,0.00045951092736109064,1294.9821054189995,4.2179632840650486e-05,1.938118471110249e-08,2.9498526864504784e-07,,[247],[2.866827874999899],6.278508024147806e-11,9.870577801250878e-12,4.286703600985399e-22,6.278508024147806e-11,1
our,5000,5000,283,0.00045949154617637954,0.0001,0.0,1.4797641497528719e-18,9.912836779803347e-12,0.0004595108019704995,1299.1574156269996,4.190674296447574e-05,1.925579411996307e-08,2.728783662654542e-07,,[248],[2.868177457999991],6.246580307456368e-11,9.753258903400621e-12,4.631285662634241e-22,6.246580307456368e-11,1
our,5000,5000,284,0.00045949154617637954,0.0001,0.0,1.565559408015731e-18,9.763730830833814e-12,0.0004595106775543703,1303.4857462519997,4.163597382794723e-05,1.9131377990762744e-08,2.7075778995139646e-07,,[247],[3.0230416659999264],6.21510265809524e-11,9.606553277489372e-12,4.630762528239833e-22,6.21510265809524e-11,1
our,5000,5000,285,0.00045949154617637954,0.0001,0.0,1.5334631065182736e-18,1.0088475008198692e-11,0.0004595105509648766,1307.8169752099998,4.136047475779147e-05,1.9004788497046718e-08,2.754875999612608e-07,,[250],[3.0610839169999053],6.184279378289235e-11,9.92606968934684e-12,4.342334742436341e-22,6.184279378289235e-11,1
our,5000,5000,286,0.00045949154617637954,0.0001,0.0,1.5578682030339258e-18,9.950342870288258e-12,0.00045951043233445334,1311.7826290439998,4.110229716076158e-05,1.8886158073799352e-08,2.581669191235469e-07,,[247],[2.631233249999923],6.153699878006833e-11,9.790161216944107e-12,4.546956442502132e-22,6.153699878006833e-11,1
our,5000,5000,287,0.00045949154617637954,0.0001,0.0,1.515501289287102e-18,9.975166643271605e-12,0.00045951030263663905,1315.8956577939998,4.082003339473067e-05,1.8756460259516244e-08,2.8225216481855103e-07,,[252],[2.8396155829998406],6.123199829268479e-11,9.814585374250834e-12,4.516630155192552e-22,6.123199829268479e-11,1
our,5000,5000,288,0.00045949154617637954,0.0001,0.0,1.5165926377462327e-18,9.709561983486247e-12,0.0004595101854893672,1320.26197796,4.056508360764891e-05,1.8639312987652704e-08,2.54939380447744e-07,,[252],[2.982188791999988],6.093104248353578e-11,9.553256445874428e-12,4.53500328994622e-22,6.093104248353578e-11,1
our,5000,5000,289,0.00045949154617637954,0.0001,0.0,1.4892012247910917e-18,1.0032589381314381e-11,0.000459510064678329,1324.623747794,4.0302160297725615e-05,1.851850194945024e-08,2.629126448498701e-07,,[252],[3.070524041999988],6.063251979455851e-11,9.871083715090504e-12,4.656181816884471e-22,6.063251979455851e-11,1
our,5000,5000,290,0.00045949154617637954,0.0001,0.0,1.5400545504862604e-18,9.616606675097883e-12,0.00045950994601876754,1328.952870711,4.004391928667935e-05,1.839984238799844e-08,2.5823060379508147e-07,,[253],[3.014423665999857],6.033435603512383e-11,9.461797541698347e-12,4.72074110114835e-22,6.033435603512383e-11,1
our,5000,5000,291,0.00045949154617637954,0.0001,0.0,1.5187264907423094e-18,9.758346504452942e-12,0.0004595098292299595,1333.0946721690002,3.9789749631154665e-05,1.8283053579990285e-08,2.5415947798305787e-07,,[253],[2.821034375000181],6.003767235051504e-11,9.601255628553999e-12,4.338569246966752e-22,6.003767235051504e-11,1
our,5000,5000,292,0.00045949154617637954,0.0001,0.0,1.5061564776491337e-18,9.756961709989417e-12,0.0004595097166688207,1337.3523960440002,3.9544780730668774e-05,1.8170492441140895e-08,2.449591536225011e-07,,[253],[2.9457984170001055],5.975122545032774e-11,9.599893126655625e-12,4.592118689632737e-22,5.975122545032774e-11,1
our,5000,5000,293,0.00045949154617637954,0.0001,0.0,1.5260968664891963e-18,9.938572757144829e-12,0.0004595096022719256,1341.6194746280003,3.929581663979048e-05,1.805609554608083e-08,2.4895424603722145e-07,,[253],[3.003824583999858],5.947812021585776e-11,9.77858058030495e-12,4.62677228612447e-22,5.947812021585776e-11,1
our,5000,5000,294,0.00045949154617637954,0.0001,0.0,1.511386065576191e-18,1.0008160935493775e-11,0.000459509490864535,1346.0853605450004,3.9053358663002794e-05,1.794468815544386e-08,2.424484495778689e-07,,[253],[3.158831083999985],5.922201755772137e-11,9.847048520928779e-12,4.461720081763695e-22,5.922201755772137e-11,1
our,5000,5000,295,0.00045949154617637954,0.0001,0.0,1.5129377809151198e-18,1.0062466029637346e-11,0.000459509381911085,1350.4939248790004,3.881624124288625e-05,1.7835734705449156e-08,2.3710816024651598e-07,,[258],[3.1300456669998766],5.900536509650426e-11,9.900479406024649e-12,4.539710780257219e-22,5.900536509650426e-11,1
our,5000,5000,296,0.00045949154617637954,0.0001,0.0,1.5548953590998005e-18,9.540853704309005e-12,0.0004595092652716722,1354.7340561290005,3.8562396718912185e-05,1.7719095292639906e-08,2.538346710662374e-07,,[259],[2.9532695410000542],5.881223846056798e-11,9.387264050103792e-12,4.680553614275805e-22,5.881223846056798e-11,1
our,5000,5000,297,0.00045949154617637954,0.0001,0.0,1.5197653507715542e-18,9.777790896531175e-12,0.00045950915696308915,1359.1502624210004,3.832668273478416e-05,1.7610786709617524e-08,2.3570489478236594e-07,,[259],[3.0693713329999355],5.864071652078587e-11,9.620387002788328e-12,4.419297036512652e-22,5.864071652078587e-11,1
our,5000,5000,298,0.00045949154617637954,0.0001,0.0,1.5293438767329352e-18,9.889441421163571e-12,0.0004595090507463111,1363.8518028790004,3.8095521184734625e-05,1.7504569931568736e-08,2.3115269073369061e-07,,[259],[3.427038666999806],5.8471004823078e-11,9.730240165674953e-12,4.570142978303892e-22,5.8471004823078e-11,1
our,5000,5000,299,0.00045949154617637954,0.0001,0.0,1.5348766436358812e-18,9.988626558183795e-12,0.0004595089451781395,1367.8570930460005,3.7865771208946304e-05,1.7399001759959773e-08,2.29741223676672e-07,,[259],[2.7784102079999684],5.830044840297352e-11,9.827828610054313e-12,4.39167647196961e-22,5.830044840297352e-11,1
our,5000,5000,300,0.00045949154617637954,0.0001,0.0,1.5385855749699987e-18,9.774323276802038e-12,0.000459508834457774,1371.9119514210006,3.762480841776001e-05,1.7288281394466608e-08,2.4095366728985394e-07,,[260],[2.8272632499999872],5.812810958740408e-11,9.616975205161869e-12,4.478505056951079e-22,5.812810958740408e-11,1
